TIENDA_ID,PLAZA_CVE,NIVELSOCIOECONOMICO_DES,ENTORNO_DES,MTS2VENTAS_NUM,PUERTASREFRIG_NUM,CAJONESESTACIONAMIENTO_NUM,LATITUD_NUM,LONGITUD_NUM,SEGMENTO_MAESTRO_DESC,LID_UBICACION_TIENDA
126,1,BC,HOGAR,127.42,13,7,25.69107,-100.21261,HOGAR REUNIÓN,UT_DENSIDAD
681,1,C,HOGAR,128.13,13,0,25.73571,-100.18086,HOGAR REUNIÓN,UT_DENSIDAD
117,1,C,BASE,87.62,11,11,25.71883,-100.19133,HOGAR REUNIÓN,UT_DENSIDAD
682,1,C,HOGAR,90.7,13,0,25.66952,-100.20744,HOGAR REUNIÓN,UT_DENSIDAD
275,1,C,HOGAR,95.3,13,6,25.73766,-100.16116,HOGAR REUNIÓN,UT_DENSIDAD
684,1,C,BASE,116.07,13,0,25.70486,-100.15613,OFICINISTAS,UT_GAS_URBANA
694,1,C,RECESO,78.48,13,0,25.67955,-100.24328,OFICINISTAS,UT_TRAFICO_PEATONAL
272,1,C,HOGAR,100.58,12,7,25.70058,-100.2018,HOGAR REUNIÓN,UT_DENSIDAD
702,1,C,HOGAR,73.24,13,0,25.67344,-100.26084,HOGAR REUNIÓN,UT_DENSIDAD
704,1,C,BASE,107.23,13,0,25.68419,-100.22138,HOGAR REUNIÓN,UT_TRAFICO_VEHICULAR
125,1,BC,HOGAR,141.9,10,6,25.69017,-100.25164,CLÁSICO,UT_TRAFICO_VEHICULAR
279,1,C,HOGAR,104.2,13,12,25.67484,-100.24412,HOGAR REUNIÓN,UT_DENSIDAD
127,1,BC,HOGAR,132.0,12,5,25.66474,-100.20913,HOGAR REUNIÓN,UT_GAS_URBANA
706,1,C,HOGAR,120.87,13,0,25.73785,-100.20217,HOGAR REUNIÓN,UT_DENSIDAD
129,1,BC,BASE,83.99,13,10,25.6808,-100.24372,HOGAR REUNIÓN,UT_TRAFICO_VEHICULAR
268,1,C,BASE,121.2,13,9,25.69481,-100.23052,CLÁSICO,UT_GAS_URBANA
131,1,BC,HOGAR,99.65,12,8,25.64911,-100.26649,CLÁSICO,UT_DENSIDAD
716,1,C,HOGAR,121.21,13,0,25.7105,-100.21547,HOGAR REUNIÓN,UT_DENSIDAD
722,1,C,BASE,118.3,13,0,25.69569,-100.24609,OFICINISTAS,UT_TRAFICO_VEHICULAR
726,1,C,HOGAR,113.96,13,0,25.72278,-100.15421,HOGAR REUNIÓN,UT_DENSIDAD
135,1,BC,HOGAR,124.5,12,7,25.69272,-100.25433,CLÁSICO,UT_DENSIDAD
663,1,C,BASE,115.76,13,0,25.71882,-100.16863,HOGAR REUNIÓN,UT_TRAFICO_VEHICULAR
639,1,C,HOGAR,113.85,13,0,25.71143,-100.15224,HOGAR REUNIÓN,UT_DENSIDAD
642,1,C,RECESO,88.39,13,0,25.70438,-100.22197,OFICINISTAS,UT_TRAFICO_PEATONAL
299,1,C,HOGAR,94.0,10,9,25.68426,-100.21374,HOGAR REUNIÓN,UT_TRAFICO_VEHICULAR
298,1,C,PEATONAL,103.3,13,5,25.67933,-100.24593,OFICINISTAS,UT_TRAFICO_PEATONAL
644,1,C,BASE,105.69,13,0,25.7036,-100.15854,HOGAR REUNIÓN,UT_TRAFICO_PEATONAL
296,1,C,HOGAR,86.0,13,5,25.66105,-100.25257,CLÁSICO,UT_GAS_URBANA
652,1,C,BASE,113.23,14,0,25.65635,-100.26234,CLÁSICO,UT_TRAFICO_VEHICULAR
653,1,C,HOGAR,112.09,13,0,25.69885,-100.12075,CLÁSICO,UT_DENSIDAD
292,1,C,HOGAR,114.0,13,11,25.72188,-100.20232,HOGAR REUNIÓN,UT_GAS_URBANA
291,1,C,HOGAR,108.91,13,10,25.68419,-100.24388,HOGAR REUNIÓN,UT_DENSIDAD
731,1,C,BASE,117.97,15,0,25.67493,-100.20706,HOGAR REUNIÓN,UT_GAS_URBANA
289,1,C,HOGAR,114.04,13,9,25.70314,-100.23122,HOGAR REUNIÓN,UT_GAS_URBANA
288,1,D,BASE,104.0,13,11,25.67442,-100.20493,HOGAR REUNIÓN,UT_TRAFICO_VEHICULAR
667,1,C,HOGAR,122.19,13,0,25.73719,-100.15527,HOGAR REUNIÓN,UT_DENSIDAD
668,1,C,HOGAR,93.08,13,0,25.72812,-100.18563,HOGAR REUNIÓN,UT_DENSIDAD
285,1,A,HOGAR,130.46,13,7,25.64192,-100.26826,CLÁSICO,UT_DENSIDAD
671,1,C,BASE,114.21,13,0,25.67863,-100.26725,HOGAR REUNIÓN,UT_TRAFICO_VEHICULAR
674,1,C,HOGAR,114.34,13,0,25.69528,-100.20643,HOGAR REUNIÓN,UT_DENSIDAD
281,1,BC,HOGAR,121.54,13,8,25.69659,-100.25507,HOGAR REUNIÓN,UT_DENSIDAD
677,1,C,HOGAR,110.81,13,0,25.68325,-100.23067,PARADA TÉCNICA,UT_DENSIDAD
834,1,C,HOGAR,101.33,13,0,25.70647,-100.22508,HOGAR REUNIÓN,UT_DENSIDAD
792,1,C,PEATONAL,87.25,0,0,25.67762,-100.25978,OFICINISTAS,UT_TRAFICO_PEATONAL
164,1,CD,BASE,18.72,12,9,25.73369,-100.19908,HOGAR REUNIÓN,UT_GAS_URBANA
231,1,CD,HOGAR,116.5,13,9,25.70295,-100.25852,HOGAR REUNIÓN,UT_GAS_URBANA
823,1,C,HOGAR,108.66,0,0,25.66404,-100.23363,HOGAR REUNIÓN,UT_DENSIDAD
824,1,C,HOGAR,97.92,0,0,25.7371,-100.16613,HOGAR REUNIÓN,UT_DENSIDAD
182,1,BC,HOGAR,111.9,13,5,25.68312,-100.2139,HOGAR REUNIÓN,UT_DENSIDAD
223,1,BC,HOGAR,128.96,12,9,25.66976,-100.23605,HOGAR REUNIÓN,UT_GAS_URBANA
828,1,C,HOGAR,0.0,0,0,25.6678,-100.2209,HOGAR REUNIÓN,UT_DENSIDAD
832,1,C,HOGAR,66.04,0,0,25.66925,-100.237,HOGAR REUNIÓN,UT_DENSIDAD
245,1,D,HOGAR,116.0,10,8,25.73065,-100.18657,HOGAR REUNIÓN,UT_DENSIDAD
188,1,BC,RECESO,95.3,13,7,25.68763,-100.24615,PARADA TÉCNICA,UT_GAS_URBANA
191,1,CD,RECESO,131.5,11,0,25.69273,-100.24576,CLÁSICO,UT_GAS_URBANA
847,1,C,HOGAR,100.4,13,0,25.71567,-100.1601,HOGAR REUNIÓN,UT_GAS_URBANA
193,1,CD,HOGAR,95.54,10,9,25.73871,-100.18913,HOGAR REUNIÓN,UT_DENSIDAD
212,1,CD,BASE,134.24,12,10,25.69344,-100.1831,PARADA TÉCNICA,UT_CARRETERA_GAS
211,1,C,HOGAR,127.62,12,11,25.74447,-100.17476,HOGAR REUNIÓN,UT_DENSIDAD
199,1,CD,BASE,113.0,11,11,25.72332,-100.19058,HOGAR REUNIÓN,UT_TRAFICO_VEHICULAR
873,1,C,RECESO,58.12,0,0,25.69741,-100.13975,PARADA TÉCNICA,UT_TRAFICO_VEHICULAR
254,1,C,HOGAR,113.0,12,7,25.66872,-100.2344,HOGAR REUNIÓN,UT_GAS_URBANA
735,1,C,HOGAR,83.57,12,0,25.71611,-100.18296,HOGAR REUNIÓN,UT_DENSIDAD
746,1,C,HOGAR,104.1,15,0,25.6867,-100.19352,HOGAR REUNIÓN,UT_DENSIDAD
141,1,BC,HOGAR,98.5,11,6,25.68098,-100.23912,HOGAR REUNIÓN,UT_DENSIDAD
259,1,C,BASE,99.08,10,0,25.67765,-100.2596,OFICINISTAS,UT_TRAFICO_PEATONAL
753,1,C,HOGAR,103.64,14,0,25.72788,-100.18008,HOGAR REUNIÓN,UT_DENSIDAD
754,1,C,HOGAR,119.75,15,0,25.71732,-100.19217,HOGAR REUNIÓN,UT_DENSIDAD
145,1,BC,HOGAR,112.5,13,6,25.66404,-100.21449,HOGAR REUNIÓN,UT_DENSIDAD
765,1,C,HOGAR,94.42,13,0,25.69325,-100.23738,OFICINISTAS,UT_DENSIDAD
766,1,C,BASE,118.52,15,0,25.72372,-100.14054,HOGAR REUNIÓN,UT_TRAFICO_VEHICULAR
395,1,C,HOGAR,79.55,10,4,25.67661,-100.24879,HOGAR REUNIÓN,UT_DENSIDAD
253,1,C,HOGAR,117.0,12,11,25.72968,-100.17269,HOGAR REUNIÓN,UT_DENSIDAD
769,1,C,BASE,108.8,15,0,25.69461,-100.17078,OFICINISTAS,UT_TRAFICO_VEHICULAR
152,1,BC,HOGAR,102.1,13,8,25.66861,-100.24023,HOGAR REUNIÓN,UT_DENSIDAD
783,1,C,HOGAR,114.47,14,0,25.6989,-100.1506,HOGAR REUNIÓN,UT_DENSIDAD
789,1,C,HOGAR,100.7,0,0,25.71404,-100.17443,HOGAR REUNIÓN,UT_DENSIDAD
248,1,CD,BASE,100.28,13,7,25.70751,-100.19946,OFICINISTAS,UT_GAS_URBANA
156,1,BC,HOGAR,115.0,11,0,25.67567,-100.22221,HOGAR REUNIÓN,UT_DENSIDAD
247,1,D,HOGAR,104.6,13,10,25.69494,-100.21911,HOGAR REUNIÓN,UT_DENSIDAD
474,1,C,HOGAR,115.79,13,11,25.71698,-100.13154,HOGAR REUNIÓN,UT_DENSIDAD
453,1,C,BASE,107.02,13,8,25.74442,-100.16092,HOGAR REUNIÓN,UT_GAS_URBANA
455,1,C,HOGAR,119.51,13,7,25.73055,-100.18982,HOGAR REUNIÓN,UT_DENSIDAD
366,1,C,HOGAR,100.0,10,7,25.66606,-100.26935,HOGAR REUNIÓN,UT_GAS_URBANA
365,1,C,BASE,97.54,13,5,25.6751,-100.21091,OFICINISTAS,UT_TRAFICO_PEATONAL
456,1,C,HOGAR,127.9,13,10,25.74066,-100.1661,HOGAR REUNIÓN,UT_DENSIDAD
457,1,C,HOGAR,81.3,10,7,25.73088,-100.15723,HOGAR REUNIÓN,UT_DENSIDAD
458,1,C,HOGAR,101.46,13,5,25.70524,-100.20732,HOGAR REUNIÓN,UT_DENSIDAD
361,1,C,HOGAR,93.0,12,5,25.71936,-100.16773,HOGAR REUNIÓN,UT_DENSIDAD
464,1,C,HOGAR,138.92,13,6,25.70318,-100.24274,HOGAR REUNIÓN,UT_DENSIDAD
358,1,C,BASE,93.0,10,11,25.70128,-100.16365,HOGAR REUNIÓN,UT_GAS_URBANA
447,1,C,HOGAR,83.9,13,5,25.73034,-100.16336,HOGAR REUNIÓN,UT_TRAFICO_VEHICULAR
356,1,C,HOGAR,77.0,10,8,25.66098,-100.26814,HOGAR REUNIÓN,UT_TRAFICO_VEHICULAR
355,1,C,HOGAR,90.0,10,6,25.66743,-100.25439,HOGAR REUNIÓN,UT_TRAFICO_VEHICULAR
484,1,C,HOGAR,115.75,13,10,25.71093,-100.13501,HOGAR REUNIÓN,UT_DENSIDAD
493,1,C,BASE,119.41,13,9,25.68103,-100.25271,HOGAR REUNIÓN,UT_TRAFICO_VEHICULAR
352,1,C,BASE,105.0,10,8,25.74532,-100.17814,PARADA TÉCNICA,UT_GAS_URBANA
351,1,C,BASE,93.0,10,7,25.67929,-100.26519,OFICINISTAS,UT_GAS_URBANA
495,1,C,BASE,115.7,13,11,25.66923,-100.23264,HOGAR REUNIÓN,UT_TRAFICO_VEHICULAR
503,1,C,HOGAR,81.59,11,8,25.67292,-100.25155,HOGAR REUNIÓN,UT_DENSIDAD
348,1,C,HOGAR,100.0,10,11,25.69414,-100.1901,HOGAR REUNIÓN,UT_DENSIDAD
506,1,C,HOGAR,105.66,13,8,25.70051,-100.18745,HOGAR REUNIÓN,UT_DENSIDAD
401,1,C,HOGAR,92.52,12,9,25.71205,-100.16304,HOGAR REUNIÓN,UT_TRAFICO_VEHICULAR
389,1,BC,BASE,98.08,12,9,25.74648,-100.19411,HOGAR REUNIÓN,UT_GAS_URBANA
402,1,C,HOGAR,103.27,13,9,25.72369,-100.16661,HOGAR REUNIÓN,UT_TRAFICO_VEHICULAR
404,1,C,BASE,112.87,13,9,25.67993,-100.25752,OFICINISTAS,UT_DENSIDAD
406,1,C,HOGAR,76.69,10,5,25.6645,-100.26545,CLÁSICO,UT_DENSIDAD
407,1,C,BASE,118.47,13,7,25.73733,-100.20671,OFICINISTAS,UT_GAS_URBANA
409,1,C,HOGAR,95.68,13,7,25.66723,-100.22505,HOGAR REUNIÓN,UT_TRAFICO_VEHICULAR
411,1,C,HOGAR,109.85,13,9,25.70931,-100.1846,HOGAR REUNIÓN,UT_TRAFICO_VEHICULAR
417,1,C,BASE,95.22,12,8,25.66245,-100.23941,HOGAR REUNIÓN,UT_TRAFICO_VEHICULAR
423,1,C,BASE,85.18,12,6,25.6728,-100.23769,HOGAR REUNIÓN,UT_TRAFICO_VEHICULAR
635,1,C,BASE,120.27,14,0,25.6638,-100.25769,HOGAR REUNIÓN,UT_TRAFICO_VEHICULAR
425,1,C,HOGAR,116.15,13,7,25.73241,-100.17578,HOGAR REUNIÓN,UT_DENSIDAD
427,1,C,HOGAR,122.63,13,9,25.73371,-100.18386,HOGAR REUNIÓN,UT_DENSIDAD
431,1,C,HOGAR,119.24,13,8,25.66744,-100.2239,HOGAR REUNIÓN,UT_DENSIDAD
433,1,C,BASE,127.4,13,10,25.70933,-100.23586,HOGAR REUNIÓN,UT_DENSIDAD
438,1,C,HOGAR,117.61,13,7,25.69605,-100.21036,HOGAR REUNIÓN,UT_DENSIDAD
374,1,C,BASE,107.92,13,11,25.72258,-100.14044,HOGAR REUNIÓN,UT_CARRETERA_GAS
439,1,C,HOGAR,115.55,13,0,25.71549,-100.20702,HOGAR REUNIÓN,UT_DENSIDAD
372,1,CD,HOGAR,80.56,12,11,25.65999,-100.23217,HOGAR REUNIÓN,UT_TRAFICO_VEHICULAR
441,1,CD,HOGAR,111.48,13,8,25.72353,-100.17124,HOGAR REUNIÓN,UT_DENSIDAD
446,1,C,HOGAR,126.8,13,9,25.68774,-100.18129,HOGAR REUNIÓN,UT_DENSIDAD
612,1,C,HOGAR,101.06,12,0,25.74353,-100.17685,HOGAR REUNIÓN,UT_DENSIDAD
587,1,C,HOGAR,91.25,13,0,25.72789,-100.1931,HOGAR REUNIÓN,UT_DENSIDAD
346,1,C,HOGAR,90.0,10,4,25.74205,-100.19846,HOGAR REUNIÓN,UT_DENSIDAD
322,1,C,BASE,100.0,10,9,25.65836,-100.22371,HOGAR REUNIÓN,UT_DENSIDAD
321,1,C,HOGAR,102.0,10,9,25.70853,-100.15266,HOGAR REUNIÓN,UT_DENSIDAD
591,1,C,HOGAR,86.41,13,0,25.65561,-100.22113,HOGAR REUNIÓN,UT_DENSIDAD
302,1,CD,BASE,130.0,13,13,25.67635,-100.26692,HOGAR REUNIÓN,UT_TRAFICO_PEATONAL
633,1,C,HOGAR,103.05,12,0,25.72512,-100.18482,HOGAR REUNIÓN,UT_DENSIDAD
616,1,C,HOGAR,96.93,12,0,25.70758,-100.16037,HOGAR REUNIÓN,UT_DENSIDAD
306,1,C,BASE,182.0,13,4,25.67946,-100.2584,OFICINISTAS,UT_DENSIDAD
307,1,C,HOGAR,114.0,13,9,25.66859,-100.26665,HOGAR REUNIÓN,UT_DENSIDAD
593,1,C,HOGAR,111.14,13,0,25.74583,-100.16589,HOGAR REUNIÓN,UT_DENSIDAD
509,1,C,BASE,115.72,13,7,25.66655,-100.21398,HOGAR REUNIÓN,UT_TRAFICO_VEHICULAR
611,1,C,BASE,115.66,13,0,25.68666,-100.23036,BARRIO COMPETIDO,UT_DENSIDAD
318,1,C,HOGAR,107.0,10,8,25.74066,-100.16799,HOGAR REUNIÓN,UT_DENSIDAD
317,1,C,HOGAR,104.0,13,11,25.66909,-100.26294,HOGAR REUNIÓN,UT_DENSIDAD
594,1,C,HOGAR,98.07,13,0,25.72671,-100.17316,HOGAR REUNIÓN,UT_DENSIDAD
315,1,BC,HOGAR,93.0,10,7,25.65235,-100.26606,CLÁSICO,UT_DENSIDAD
314,1,C,BASE,107.0,13,13,25.67509,-100.26958,HOGAR REUNIÓN,UT_DENSIDAD
597,1,C,HOGAR,110.73,14,0,25.6714,-100.21653,HOGAR REUNIÓN,UT_DENSIDAD
598,1,C,HOGAR,96.69,12,0,25.68012,-100.22238,HOGAR REUNIÓN,UT_DENSIDAD
599,1,C,HOGAR,114.63,13,6,25.67213,-100.23018,HOGAR REUNIÓN,UT_DENSIDAD
585,1,C,HOGAR,112.9,12,0,25.66144,-100.21849,HOGAR REUNIÓN,UT_DENSIDAD
519,1,C,BASE,115.03,13,6,25.68449,-100.2262,HOGAR REUNIÓN,UT_TRAFICO_VEHICULAR
536,1,C,HOGAR,114.87,13,10,25.6581,-100.22496,HOGAR REUNIÓN,UT_DENSIDAD
541,1,C,HOGAR,109.97,13,7,25.70214,-100.25043,HOGAR REUNIÓN,UT_DENSIDAD
557,1,C,HOGAR,84.08,12,4,25.6704,-100.21162,HOGAR REUNIÓN,UT_DENSIDAD
559,1,C,HOGAR,92.18,13,8,25.72444,-100.15672,HOGAR REUNIÓN,UT_DENSIDAD
562,1,C,HOGAR,104.62,13,0,25.69635,-100.20652,HOGAR REUNIÓN,UT_DENSIDAD
564,1,C,HOGAR,115.51,13,0,25.68658,-100.21385,HOGAR REUNIÓN,UT_TRAFICO_VEHICULAR
571,1,C,HOGAR,112.89,13,0,25.74155,-100.18463,HOGAR REUNIÓN,UT_DENSIDAD
332,1,B,RECESO,136.0,13,6,25.69665,-100.14323,OFICINISTAS,UT_DENSIDAD
324,1,C,HOGAR,97.0,13,5,25.69969,-100.21334,HOGAR REUNIÓN,UT_DENSIDAD
582,1,C,HOGAR,120.33,11,0,25.69596,-100.18514,HOGAR REUNIÓN,UT_DENSIDAD
583,1,C,HOGAR,113.5,13,0,25.66215,-100.22198,HOGAR REUNIÓN,UT_DENSIDAD
329,1,C,RECESO,71.0,13,5,25.70334,-100.239,OFICINISTAS,UT_GAS_URBANA
575,1,C,HOGAR,99.73,13,4,25.6737,-100.27038,HOGAR REUNIÓN,UT_DENSIDAD
326,1,B,HOGAR,118.0,12,4,25.7292,-100.17807,HOGAR REUNIÓN,UT_DENSIDAD
328,1,C,RECESO,116.0,10,6,25.69583,-100.23188,OFICINISTAS,UT_GAS_URBANA
327,1,C,HOGAR,98.0,10,9,25.67151,-100.25856,HOGAR REUNIÓN,UT_DENSIDAD
878,2,C,HOGAR,111.7,12,10,26.03851,-98.35729,HOGAR REUNIÓN,UT_DENSIDAD
856,2,C,RECESO,0.0,0,0,26.04652,-98.38172,PARADA TÉCNICA,UT_TRAFICO_VEHICULAR
855,2,B,BASE,0.0,0,0,26.04971,-98.31442,CLÁSICO,UT_TRAFICO_VEHICULAR
854,2,C,HOGAR,0.0,0,0,26.04082,-98.31979,HOGAR REUNIÓN,UT_DENSIDAD
848,2,C,HOGAR,0.0,0,0,26.09732,-98.29138,HOGAR REUNIÓN,UT_DENSIDAD
851,2,C,HOGAR,0.0,0,0,26.06185,-98.32044,CLÁSICO,UT_DENSIDAD
853,2,C,HOGAR,0.0,0,0,25.97227,-98.29033,HOGAR REUNIÓN,UT_DENSIDAD
798,2,C,HOGAR,0.0,0,0,25.99222,-98.09663,HOGAR REUNIÓN,UT_TRAFICO_VEHICULAR
802,2,C,BASE,0.0,0,0,25.9898,-98.1002,HOGAR REUNIÓN,UT_TRAFICO_VEHICULAR
803,2,C,BASE,0.0,0,0,25.9872,-98.1074,OFICINISTAS,UT_TRAFICO_VEHICULAR
805,2,C,HOGAR,0.0,0,0,26.0835,-98.33,HOGAR REUNIÓN,UT_DENSIDAD
806,2,B,BASE,0.0,0,0,26.069,-98.2719,CLÁSICO,UT_TRAFICO_VEHICULAR
807,2,B,HOGAR,0.0,0,0,26.07896,-98.33792,HOGAR REUNIÓN,UT_DENSIDAD
808,2,C,BASE,0.0,0,0,26.02103,-98.27533,HOGAR REUNIÓN,UT_TRAFICO_VEHICULAR
809,2,C,HOGAR,0.0,0,0,26.03188,-98.34141,HOGAR REUNIÓN,UT_DENSIDAD
839,2,C,PEATONAL,0.0,0,0,26.08506,-98.27164,OFICINISTAS,UT_TRAFICO_PEATONAL
811,2,B,HOGAR,0.0,0,0,26.0562,-98.3151,CLÁSICO,UT_DENSIDAD
813,2,C,HOGAR,0.0,0,0,25.992,-98.114,HOGAR REUNIÓN,UT_TRAFICO_VEHICULAR
816,2,B,HOGAR,0.0,0,0,26.09528,-98.28297,HOGAR REUNIÓN,UT_DENSIDAD
817,2,C,RECESO,0.0,0,0,26.08866,-98.27988,OFICINISTAS,UT_TRAFICO_PEATONAL
819,2,C,BASE,0.0,0,0,26.0669,-98.39358,HOGAR REUNIÓN,UT_DENSIDAD
822,2,C,BASE,0.0,0,0,25.98347,-98.11129,HOGAR REUNIÓN,UT_TRAFICO_VEHICULAR
835,2,C,HOGAR,0.0,0,0,26.01647,-98.25479,HOGAR REUNIÓN,UT_DENSIDAD
999,2,C,RECESO,102.75,11,4,26.02147,-98.28373,BARRIO COMPETIDO,UT_TRAFICO_PEATONAL
988,2,C,HOGAR,101.82,12,10,26.03533,-98.29644,HOGAR REUNIÓN,UT_TRAFICO_VEHICULAR
989,2,C,HOGAR,101.82,12,10,26.0434,-98.32001,HOGAR REUNIÓN,UT_DENSIDAD
991,2,C,HOGAR,116.98,13,10,26.01263,-98.24741,BARRIO COMPETIDO,UT_GAS_URBANA
992,2,C,BASE,100.41,12,10,26.10101,-98.31804,HOGAR REUNIÓN,UT_GAS_URBANA
993,2,B,HOGAR,113.73,12,10,26.06883,-98.3598,HOGAR REUNIÓN,UT_DENSIDAD
994,2,C,HOGAR,113.73,12,7,26.08696,-98.33805,HOGAR REUNIÓN,UT_DENSIDAD
995,2,C,BASE,106.6,12,10,26.03482,-98.40996,HOGAR REUNIÓN,UT_GAS_URBANA
996,2,C,HOGAR,107.85,12,7,25.98884,-98.27356,HOGAR REUNIÓN,UT_DENSIDAD
997,2,C,HOGAR,101.82,12,11,25.99333,-98.27173,HOGAR REUNIÓN,UT_DENSIDAD
998,2,AB,HOGAR,107.85,12,12,26.07585,-98.26928,HOGAR REUNIÓN,UT_TRAFICO_VEHICULAR
987,2,C,HOGAR,110.0,10,12,26.06031,-98.32753,HOGAR REUNIÓN,UT_DENSIDAD
1001,2,C,HOGAR,101.82,12,10,26.01288,-98.26235,HOGAR REUNIÓN,UT_DENSIDAD
1002,2,C,HOGAR,116.9,10,11,26.0228,-98.28886,HOGAR REUNIÓN,UT_DENSIDAD
1003,2,C,HOGAR,112.0,12,8,25.9956,-98.2471,HOGAR REUNIÓN,UT_DENSIDAD
1004,2,C,HOGAR,93.52,12,9,26.09947,-98.32143,HOGAR REUNIÓN,UT_DENSIDAD
1005,2,C,HOGAR,98.2,12,5,26.06356,-98.31124,HOGAR REUNIÓN,UT_DENSIDAD
1006,2,C,HOGAR,116.9,13,14,26.02128,-98.25349,HOGAR REUNIÓN,UT_DENSIDAD
1007,2,C,HOGAR,114.41,12,10,25.98434,-98.20065,HOGAR REUNIÓN,UT_DENSIDAD
1008,2,C,HOGAR,98.8,12,10,26.08637,-98.32248,HOGAR REUNIÓN,UT_DENSIDAD
1009,2,C,HOGAR,103.4,12,5,26.0701,-98.30796,HOGAR REUNIÓN,UT_TRAFICO_VEHICULAR
976,2,C,HOGAR,113.0,10,10,26.0948,-98.30479,HOGAR REUNIÓN,UT_TRAFICO_VEHICULAR
965,2,B,HOGAR,98.0,10,10,25.98342,-98.10511,HOGAR REUNIÓN,UT_DENSIDAD
966,2,C,HOGAR,112.0,10,10,26.02126,-98.27927,HOGAR REUNIÓN,UT_DENSIDAD
967,2,C,HOGAR,129.0,10,12,26.00751,-98.24571,HOGAR REUNIÓN,UT_DENSIDAD
968,2,B,HOGAR,129.0,9,6,26.02023,-98.22689,PARADA TÉCNICA,UT_GAS_URBANA
969,2,C,RECESO,125.0,10,13,26.07305,-98.2914,CLÁSICO,UT_DENSIDAD
971,2,C,HOGAR,123.0,11,12,26.0366,-98.34031,HOGAR REUNIÓN,UT_DENSIDAD
972,2,C,RECESO,121.0,10,10,26.07018,-98.30235,HOGAR REUNIÓN,UT_GAS_URBANA
973,2,C,BASE,122.0,10,10,26.04916,-98.38596,PARADA TÉCNICA,UT_GAS_URBANA
974,2,C,HOGAR,113.0,11,12,26.04235,-98.37229,HOGAR REUNIÓN,UT_DENSIDAD
975,2,C,HOGAR,129.0,10,12,26.0282,-98.28279,HOGAR REUNIÓN,UT_DENSIDAD
1011,2,C,HOGAR,112.0,12,11,26.08553,-98.33515,HOGAR REUNIÓN,UT_GAS_URBANA
977,2,C,RECESO,125.0,10,12,26.03871,-98.28171,PARADA TÉCNICA,UT_GAS_URBANA
978,2,BC,RECESO,102.98,11,9,26.08548,-98.29332,PARADA TÉCNICA,UT_GAS_URBANA
979,2,BC,HOGAR,115.67,12,10,25.98337,-98.08285,HOGAR REUNIÓN,UT_GAS_URBANA
981,2,C,HOGAR,121.0,10,10,26.05409,-98.35069,HOGAR REUNIÓN,UT_DENSIDAD
982,2,B,HOGAR,100.0,10,6,26.06513,-98.31539,HOGAR REUNIÓN,UT_DENSIDAD
983,2,C,HOGAR,117.0,11,12,25.99992,-98.25808,HOGAR REUNIÓN,UT_DENSIDAD
984,2,C,HOGAR,116.0,10,8,26.06213,-98.33027,HOGAR REUNIÓN,UT_GAS_URBANA
985,2,C,HOGAR,129.0,11,10,26.02486,-98.24565,PARADA TÉCNICA,UT_DENSIDAD
986,2,C,HOGAR,101.82,12,10,26.01805,-98.26513,HOGAR REUNIÓN,UT_DENSIDAD
1046,2,C,HOGAR,0.0,0,0,26.09036,-98.28066,OFICINISTAS,UT_TRAFICO_VEHICULAR
1035,2,C,HOGAR,123.69,0,11,26.01175,-98.28564,HOGAR REUNIÓN,UT_DENSIDAD
1036,2,C,HOGAR,119.65,0,8,26.09085,-98.324,HOGAR REUNIÓN,UT_DENSIDAD
1037,2,C,HOGAR,121.67,0,11,25.96746,-98.25733,HOGAR REUNIÓN,UT_DENSIDAD
1038,2,C,HOGAR,132.73,0,11,26.05081,-98.40391,BARRIO COMPETIDO,UT_DENSIDAD
1039,2,BC,HOGAR,114.3,0,7,26.05491,-98.31887,HOGAR REUNIÓN,UT_GAS_URBANA
1041,2,B,HOGAR,0.0,0,0,25.98343,-98.09802,HOGAR REUNIÓN,UT_DENSIDAD
1042,2,C,HOGAR,0.0,0,0,25.9756,-98.05814,HOGAR REUNIÓN,UT_TRAFICO_VEHICULAR
1043,2,C,HOGAR,0.0,0,0,26.05884,-98.34364,HOGAR REUNIÓN,UT_TRAFICO_PEATONAL
1044,2,C,BASE,0.0,0,0,25.98861,-98.12478,PARADA TÉCNICA,UT_DENSIDAD
1045,2,C,HOGAR,0.0,0,0,25.98755,-98.05539,HOGAR REUNIÓN,UT_DENSIDAD
1034,2,B,HOGAR,132.73,0,12,26.0852,-98.37643,HOGAR REUNIÓN,UT_DENSIDAD
1047,2,C,HOGAR,0.0,0,0,26.07928,-98.29009,CLÁSICO,UT_DENSIDAD
1048,2,C,HOGAR,0.0,0,0,26.03145,-98.38466,HOGAR REUNIÓN,UT_TRAFICO_VEHICULAR
1049,2,C,HOGAR,0.0,0,0,26.00607,-98.12218,HOGAR REUNIÓN,UT_DENSIDAD
1051,2,C,HOGAR,0.0,0,0,26.03374,-98.29404,HOGAR REUNIÓN,UT_DENSIDAD
1052,2,B,BASE,0.0,0,0,26.06517,-98.3448,PARADA TÉCNICA,UT_DENSIDAD
1053,2,C,HOGAR,0.0,0,0,26.04132,-98.29259,HOGAR REUNIÓN,UT_DENSIDAD
1054,2,C,HOGAR,0.0,0,0,26.09605,-98.29327,HOGAR REUNIÓN,UT_DENSIDAD
1055,2,C,HOGAR,0.0,0,0,26.01132,-98.3814,HOGAR REUNIÓN,UT_DENSIDAD
1056,2,C,HOGAR,0.0,0,0,26.03571,-98.342,HOGAR REUNIÓN,UT_DENSIDAD
1023,2,B,HOGAR,121.67,0,10,26.05529,-98.28269,HOGAR REUNIÓN,UT_DENSIDAD
1012,2,C,HOGAR,105.2,12,8,26.00514,-98.25797,HOGAR REUNIÓN,UT_GAS_URBANA
1013,2,C,HOGAR,111.04,12,7,26.05979,-98.41287,HOGAR REUNIÓN,UT_DENSIDAD
1014,2,C,HOGAR,98.8,12,10,26.02676,-98.27125,HOGAR REUNIÓN,UT_DENSIDAD
1015,2,C,HOGAR,116.26,13,12,26.02408,-98.39976,HOGAR REUNIÓN,UT_DENSIDAD
1016,2,C,HOGAR,116.9,13,13,25.96921,-98.26604,BARRIO COMPETIDO,UT_DENSIDAD
1017,2,BC,HOGAR,116.9,13,11,26.04827,-98.31403,HOGAR REUNIÓN,UT_DENSIDAD
1018,2,C,HOGAR,112.0,12,10,26.08398,-98.30804,HOGAR REUNIÓN,UT_DENSIDAD
1019,2,C,HOGAR,122.8,0,11,26.03387,-98.39449,HOGAR REUNIÓN,UT_DENSIDAD
1021,2,C,HOGAR,0.0,0,0,25.98395,-98.19187,HOGAR REUNIÓN,UT_DENSIDAD
1022,2,C,HOGAR,112.0,0,10,26.07911,-98.32554,HOGAR REUNIÓN,UT_DENSIDAD
964,2,C,BASE,96.0,10,10,26.00345,-98.24709,BARRIO COMPETIDO,UT_GAS_URBANA
1024,2,B,HOGAR,121.61,0,9,25.99884,-98.23915,HOGAR REUNIÓN,UT_DENSIDAD
1025,2,B,HOGAR,112.0,0,10,26.04769,-98.40773,HOGAR REUNIÓN,UT_DENSIDAD
1026,2,C,HOGAR,115.1,0,10,26.03266,-98.35633,HOGAR REUNIÓN,UT_DENSIDAD
1027,2,C,HOGAR,112.25,0,11,26.05567,-98.32805,HOGAR REUNIÓN,UT_DENSIDAD
1028,2,C,HOGAR,117.5,0,15,26.06235,-98.37929,HOGAR REUNIÓN,UT_DENSIDAD
1029,2,C,HOGAR,104.95,0,10,26.03387,-98.25722,HOGAR REUNIÓN,UT_DENSIDAD
1031,2,B,HOGAR,111.93,0,10,26.40193,-99.03187,HOGAR REUNIÓN,UT_DENSIDAD
1032,2,C,HOGAR,112.0,0,11,26.0948,-98.2772,HOGAR REUNIÓN,UT_DENSIDAD
1033,2,C,HOGAR,134.13,0,12,26.02971,-98.28762,HOGAR REUNIÓN,UT_DENSIDAD
906,2,CD,HOGAR,80.4,8,5,26.08238,-98.32488,HOGAR REUNIÓN,UT_DENSIDAD
895,2,C,HOGAR,127.87,10,10,26.07196,-98.3496,HOGAR REUNIÓN,UT_DENSIDAD
896,2,CD,HOGAR,88.38,12,10,26.03921,-98.351,HOGAR REUNIÓN,UT_DENSIDAD
897,2,C,HOGAR,127.0,10,11,26.05115,-98.34874,HOGAR REUNIÓN,UT_DENSIDAD
898,2,C,HOGAR,94.0,8,7,26.05933,-98.30631,HOGAR REUNIÓN,UT_GAS_URBANA
899,2,BC,RECESO,98.95,12,12,26.07745,-98.28304,PARADA TÉCNICA,UT_TRAFICO_VEHICULAR
901,2,C,HOGAR,96.74,10,10,26.05283,-98.29934,HOGAR REUNIÓN,UT_TRAFICO_VEHICULAR
902,2,CD,HOGAR,105.0,10,8,26.06042,-98.31307,HOGAR REUNIÓN,UT_DENSIDAD
903,2,C,RECESO,96.4,9,10,26.06081,-98.29796,PARADA TÉCNICA,UT_DENSIDAD
904,2,C,HOGAR,102.4,9,7,26.18754,-98.46751,PARADA TÉCNICA,UT_CARRETERA_GAS
905,2,CD,HOGAR,96.4,10,7,26.02988,-98.23728,HOGAR REUNIÓN,UT_DENSIDAD
894,2,C,HOGAR,95.08,10,6,26.06298,-98.33505,HOGAR REUNIÓN,UT_DENSIDAD
907,2,C,HOGAR,104.2,10,10,26.05555,-98.34134,HOGAR REUNIÓN,UT_DENSIDAD
908,2,CD,HOGAR,105.1,10,13,26.04733,-98.29975,HOGAR REUNIÓN,UT_TRAFICO_VEHICULAR
909,2,C,HOGAR,95.0,7,6,26.05964,-98.30874,HOGAR REUNIÓN,UT_DENSIDAD
911,2,CD,HOGAR,123.4,10,5,26.01801,-98.24324,HOGAR REUNIÓN,UT_DENSIDAD
912,2,C,HOGAR,108.0,10,8,26.0085,-98.24256,HOGAR REUNIÓN,UT_DENSIDAD
913,2,C,HOGAR,98.36,10,10,26.05574,-98.28835,HOGAR REUNIÓN,UT_DENSIDAD
914,2,B,RECESO,112.3,10,10,26.04321,-97.95335,PARADA TÉCNICA,UT_GAS_URBANA
915,2,C,HOGAR,105.74,10,10,26.07616,-98.28808,PARADA TÉCNICA,UT_TRAFICO_VEHICULAR
916,2,C,RECESO,92.0,10,6,26.05247,-97.95191,PARADA TÉCNICA,UT_DENSIDAD
917,2,C,HOGAR,214.2,10,14,26.06344,-98.37474,HOGAR REUNIÓN,UT_DENSIDAD
883,2,C,RECESO,103.3,10,8,26.0646,-98.2845,CLÁSICO,UT_GAS_URBANA
864,2,C,RECESO,0.0,0,0,26.03357,-98.26942,HOGAR REUNIÓN,UT_TRAFICO_VEHICULAR
865,2,C,HOGAR,0.0,0,0,26.00448,-98.25235,HOGAR REUNIÓN,UT_DENSIDAD
866,2,C,RECESO,0.0,0,0,26.03853,-98.30021,PARADA TÉCNICA,UT_TRAFICO_VEHICULAR
875,2,BC,RECESO,107.7,10,12,26.0857,-98.29232,PARADA TÉCNICA,UT_TRAFICO_VEHICULAR
876,2,BC,HOGAR,126.0,10,10,26.08091,-98.27484,CLÁSICO,UT_TRAFICO_VEHICULAR
877,2,CD,RECESO,191.2,10,10,26.03791,-98.36191,HOGAR REUNIÓN,UT_DENSIDAD
2,2,C,HOGAR,0.0,0,0,26.04198,-98.3562,HOGAR REUNIÓN,UT_DENSIDAD
879,2,C,RECESO,110.0,10,10,26.09214,-98.2756,OFICINISTAS,UT_TRAFICO_PEATONAL
881,2,B,HOGAR,130.0,10,10,26.07699,-98.277,OFICINISTAS,UT_TRAFICO_VEHICULAR
882,2,B,RECESO,110.0,10,10,26.0883,-98.27013,CLÁSICO,UT_DENSIDAD
918,2,C,HOGAR,111.75,10,10,26.07442,-98.30989,HOGAR REUNIÓN,UT_DENSIDAD
884,2,C,BASE,122.54,8,12,26.0896,-98.27616,OFICINISTAS,UT_TRAFICO_PEATONAL
885,2,B,RECESO,110.15,10,9,25.98226,-98.09069,OFICINISTAS,UT_TRAFICO_PEATONAL
886,2,BC,BASE,94.3,10,9,26.06934,-98.29477,CLÁSICO,UT_TRAFICO_VEHICULAR
887,2,C,RECESO,188.99,0,11,26.05794,-98.29427,OFICINISTAS,UT_TRAFICO_VEHICULAR
888,2,C,HOGAR,121.0,10,14,26.06334,-98.28745,HOGAR REUNIÓN,UT_TRAFICO_VEHICULAR
889,2,BC,HOGAR,133.0,10,14,26.07191,-98.27563,HOGAR REUNIÓN,UT_DENSIDAD
891,2,C,HOGAR,113.17,12,6,25.97946,-98.06868,HOGAR REUNIÓN,UT_GAS_URBANA
892,2,C,HOGAR,110.0,10,10,26.0774,-98.29348,HOGAR REUNIÓN,UT_DENSIDAD
893,2,BC,HOGAR,124.68,10,11,26.08725,-98.30295,HOGAR REUNIÓN,UT_TRAFICO_VEHICULAR
953,2,C,HOGAR,98.0,10,10,26.08276,-98.28998,HOGAR REUNIÓN,UT_DENSIDAD
942,2,C,RECESO,130.0,12,9,25.9883,-98.11208,PARADA TÉCNICA,UT_GAS_URBANA
943,2,C,HOGAR,115.0,12,10,26.05403,-98.38253,HOGAR REUNIÓN,UT_DENSIDAD
944,2,C,HOGAR,120.0,10,10,25.99662,-98.06202,HOGAR REUNIÓN,UT_DENSIDAD
945,2,C,HOGAR,130.0,12,14,25.98966,-98.08214,HOGAR REUNIÓN,UT_DENSIDAD
946,2,C,HOGAR,146.0,10,12,26.03574,-98.39134,HOGAR REUNIÓN,UT_DENSIDAD
947,2,C,HOGAR,112.0,10,11,26.0662,-98.267,HOGAR REUNIÓN,UT_DENSIDAD
948,2,C,HOGAR,117.0,11,11,26.05154,-98.41472,HOGAR REUNIÓN,UT_DENSIDAD
949,2,C,RECESO,107.0,10,10,26.06029,-98.24792,HOGAR REUNIÓN,UT_GAS_URBANA
951,2,C,RECESO,130.0,12,6,26.08338,-98.30352,OFICINISTAS,UT_TRAFICO_PEATONAL
952,2,C,RECESO,130.0,10,10,26.04772,-98.30035,HOGAR REUNIÓN,UT_GAS_URBANA
941,2,C,HOGAR,122.0,11,10,26.00379,-98.25312,HOGAR REUNIÓN,UT_DENSIDAD
954,2,C,HOGAR,116.25,0,10,26.06715,-98.32452,HOGAR REUNIÓN,UT_DENSIDAD
955,2,C,HOGAR,117.0,11,12,26.00686,-98.06271,BARRIO COMPETIDO,UT_DENSIDAD
956,2,C,RECESO,121.0,10,10,25.98349,-98.08468,HOGAR REUNIÓN,UT_DENSIDAD
957,2,C,HOGAR,145.0,10,13,26.03575,-98.3799,HOGAR REUNIÓN,UT_DENSIDAD
958,2,CD,RECESO,125.0,10,12,25.99809,-98.08917,PARADA TÉCNICA,UT_DENSIDAD
959,2,B,RECESO,118.0,11,11,26.06102,-98.29517,CLÁSICO,UT_TRAFICO_VEHICULAR
961,2,C,RECESO,109.0,11,10,26.23095,-98.66727,PARADA TÉCNICA,UT_CARRETERA_GAS
962,2,C,HOGAR,136.0,10,12,26.02219,-98.27036,HOGAR REUNIÓN,UT_DENSIDAD
963,2,C,RECESO,132.0,11,12,26.06109,-98.35409,HOGAR REUNIÓN,UT_DENSIDAD
919,2,BC,HOGAR,100.0,10,10,26.05088,-98.32233,HOGAR REUNIÓN,UT_DENSIDAD
921,2,C,RECESO,132.0,10,12,26.00836,-98.20679,PARADA TÉCNICA,UT_GAS_URBANA
922,2,C,HOGAR,143.18,13,12,26.0662,-98.34108,HOGAR REUNIÓN,UT_TRAFICO_VEHICULAR
923,2,C,RECESO,96.36,12,10,26.08281,-98.28388,OFICINISTAS,UT_DENSIDAD
924,2,C,HOGAR,105.26,12,10,26.06088,-98.28161,HOGAR REUNIÓN,UT_DENSIDAD
925,2,A,HOGAR,77.05,10,8,26.05698,-98.31215,HOGAR REUNIÓN,UT_DENSIDAD
926,2,C,RECESO,117.23,10,10,26.0284,-98.43882,PARADA TÉCNICA,UT_CARRETERA_GAS
927,2,C,RECESO,135.13,12,12,25.92283,-98.26913,PARADA TÉCNICA,UT_CARRETERA_GAS
928,2,BC,RECESO,112.0,12,4,26.39945,-99.02597,OFICINISTAS,UT_TRAFICO_PEATONAL
929,2,C,HOGAR,83.07,10,10,25.99169,-98.07486,HOGAR REUNIÓN,UT_DENSIDAD
858,2,C,RECESO,0.0,0,0,0.0,0.0,PARADA TÉCNICA,UT_TRAFICO_VEHICULAR
931,2,C,HOGAR,114.0,14,12,26.04801,-98.37562,HOGAR REUNIÓN,UT_DENSIDAD
932,2,C,RECESO,161.93,14,15,26.38915,-99.0183,CLÁSICO,UT_CARRETERA_GAS
933,2,C,HOGAR,124.0,11,10,26.06831,-98.305,HOGAR REUNIÓN,UT_DENSIDAD
934,2,C,HOGAR,89.4,10,10,26.05878,-98.29961,HOGAR REUNIÓN,UT_TRAFICO_VEHICULAR
935,2,C,HOGAR,152.0,13,12,25.99116,-98.09066,HOGAR REUNIÓN,UT_DENSIDAD
936,2,C,RECESO,110.0,12,10,26.08377,-98.30029,CLÁSICO,UT_TRAFICO_VEHICULAR
937,2,C,BASE,75.0,6,3,26.23352,-98.59779,HOGAR REUNIÓN,UT_GAS_URBANA
938,2,C,BASE,132.0,12,10,26.39773,-99.03788,HOGAR REUNIÓN,UT_GAS_URBANA
939,2,C,RECESO,131.5,12,12,26.02647,-98.44417,PARADA TÉCNICA,UT_CARRETERA_GAS
1,2,C,HOGAR,0.0,0,0,26.00177,-98.24284,HOGAR REUNIÓN,UT_DENSIDAD
19,2,C,HOGAR,0.0,0,0,25.9944,-98.11901,HOGAR REUNIÓN,UT_DENSIDAD
18,2,C,HOGAR,0.0,0,0,26.05197,-98.28736,HOGAR REUNIÓN,UT_DENSIDAD
17,2,C,BASE,0.0,0,0,26.05687,-98.36383,PARADA TÉCNICA,UT_TRAFICO_VEHICULAR
16,2,C,HOGAR,0.0,0,0,26.02393,-98.34394,HOGAR REUNIÓN,UT_DENSIDAD
15,2,C,RECESO,0.0,0,0,26.04645,-98.32298,HOGAR REUNIÓN,UT_CARRETERA_GAS
14,2,C,RECESO,0.0,0,0,26.21178,-98.5901,PARADA TÉCNICA,UT_CARRETERA_GAS
13,2,C,BASE,0.0,0,0,25.98686,-98.09433,OFICINISTAS,UT_TRAFICO_VEHICULAR
12,2,C,HOGAR,0.0,0,0,25.99668,-98.26116,HOGAR REUNIÓN,UT_DENSIDAD
11,2,C,HOGAR,0.0,0,0,26.00828,-98.40705,HOGAR REUNIÓN,UT_DENSIDAD
8,2,C,BASE,0.0,0,0,26.04768,-98.2894,HOGAR REUNIÓN,UT_TRAFICO_VEHICULAR
3,2,C,HOGAR,0.0,0,0,26.02464,-98.26098,HOGAR REUNIÓN,UT_DENSIDAD
4,2,A,HOGAR,0.0,0,0,26.04326,-98.23851,HOGAR REUNIÓN,UT_DENSIDAD
5,2,C,HOGAR,0.0,0,0,26.06397,-98.26165,HOGAR REUNIÓN,UT_DENSIDAD
7,2,C,HOGAR,0.0,0,0,26.08957,-98.33238,HOGAR REUNIÓN,UT_DENSIDAD
9,2,C,HOGAR,0.0,0,0,26.01405,-98.39384,HOGAR REUNIÓN,UT_DENSIDAD
6,2,C,HOGAR,0.0,0,0,26.02745,-98.35609,HOGAR REUNIÓN,UT_DENSIDAD
236,3,B,HOGAR,130.0,12,0,25.60325,-100.25761,HOGAR REUNIÓN,UT_DENSIDAD
345,3,A,HOGAR,97.5,10,7,25.64527,-100.37938,CLÁSICO,UT_TRAFICO_VEHICULAR
204,3,AB,BASE,122.4,12,0,25.65211,-100.37786,OFICINISTAS,UT_TRAFICO_VEHICULAR
214,3,BC,RECESO,127.36,11,0,25.66708,-100.2804,OFICINISTAS,UT_GAS_URBANA
846,3,B,HOGAR,85.22,10,0,25.65985,-100.34713,OFICINISTAS,UT_DENSIDAD
841,3,B,HOGAR,0.0,0,0,25.58732,-100.27536,HOGAR REUNIÓN,UT_DENSIDAD
221,3,AB,RECESO,168.4,12,0,25.65854,-100.35639,OFICINISTAS,UT_TRAFICO_VEHICULAR
222,3,AB,RECESO,112.0,9,0,25.6544,-100.29456,OFICINISTAS,UT_DENSIDAD
827,3,B,BASE,0.0,0,0,25.52392,-100.20669,HOGAR REUNIÓN,UT_TRAFICO_VEHICULAR
234,3,A,RECESO,111.14,12,0,25.65389,-100.34217,PARADA TÉCNICA,UT_DENSIDAD
246,3,B,BASE,100.57,14,0,25.64233,-100.27841,CLÁSICO,UT_TRAFICO_VEHICULAR
167,3,BC,HOGAR,0.0,8,0,25.64782,-100.27427,CLÁSICO,UT_GAS_URBANA
237,3,B,HOGAR,127.64,12,0,25.64791,-100.29759,CLÁSICO,UT_DENSIDAD
804,3,B,HOGAR,0.0,0,0,25.54712,-100.23021,HOGAR REUNIÓN,UT_DENSIDAD
243,3,AB,RECESO,149.7,11,0,25.63751,-100.31216,PARADA TÉCNICA,UT_GAS_URBANA
242,3,BC,RECESO,0.0,8,0,25.65538,-100.29421,OFICINISTAS,UT_GAS_URBANA
241,3,BC,RECESO,97.31,10,0,25.67252,-100.35968,OFICINISTAS,UT_TRAFICO_VEHICULAR
178,3,AB,BASE,103.6,11,0,25.66035,-100.38279,OFICINISTAS,UT_TRAFICO_VEHICULAR
207,3,AB,BASE,93.6,10,0,25.65248,-100.36226,OFICINISTAS,UT_TRAFICO_VEHICULAR
169,3,AB,BASE,119.3,10,0,25.65122,-100.33959,OFICINISTAS,UT_DENSIDAD
171,3,AB,HOGAR,110.1,10,0,25.66523,-100.34199,CLÁSICO,UT_TRAFICO_PEATONAL
173,3,AB,HOGAR,99.0,8,0,25.6217,-100.29776,HOGAR REUNIÓN,UT_DENSIDAD
174,3,AB,HOGAR,0.0,12,0,25.62244,-100.28191,HOGAR REUNIÓN,UT_DENSIDAD
175,3,BC,BASE,136.0,12,0,25.64811,-100.32974,PARADA TÉCNICA,UT_GAS_URBANA
176,3,AB,HOGAR,0.0,10,0,25.63944,-100.27006,CLÁSICO,UT_TRAFICO_PEATONAL
177,3,BC,BASE,0.0,12,0,25.64667,-100.29488,CLÁSICO,UT_DENSIDAD
507,3,C,HOGAR,107.8,13,9,25.65665,-100.26909,HOGAR REUNIÓN,UT_DENSIDAD
179,3,AB,HOGAR,0.0,11,0,25.60124,-100.26406,CLÁSICO,UT_DENSIDAD
181,3,AB,HOGAR,105.65,12,10,25.6296,-100.27825,CLÁSICO,UT_TRAFICO_VEHICULAR
184,3,AB,HOGAR,0.0,11,0,25.62076,-100.28546,CLÁSICO,UT_DENSIDAD
185,3,AB,RECESO,106.96,12,6,25.66474,-100.38099,PARADA TÉCNICA,UT_TRAFICO_VEHICULAR
349,3,AB,BASE,0.0,10,0,25.65609,-100.33998,PARADA TÉCNICA,UT_DENSIDAD
504,3,B,HOGAR,0.0,13,0,25.62039,-100.28323,CLÁSICO,UT_TRAFICO_VEHICULAR
196,3,BC,RECESO,0.0,12,0,25.56563,-100.23929,PARADA TÉCNICA,UT_CARRETERA_GAS
284,3,C,RECESO,124.6,18,0,25.53601,-100.21905,PARADA TÉCNICA,UT_CARRETERA_GAS
725,3,C,HOGAR,0.0,0,0,25.66995,-100.27144,HOGAR REUNIÓN,UT_DENSIDAD
316,3,B,BASE,98.0,9,0,25.65519,-100.35268,OFICINISTAS,UT_TRAFICO_VEHICULAR
271,3,BC,HOGAR,117.2,13,0,25.63876,-100.38256,CLÁSICO,UT_TRAFICO_VEHICULAR
311,3,C,RECESO,101.0,10,0,25.59757,-100.26299,PARADA TÉCNICA,UT_CARRETERA_GAS
604,3,C,HOGAR,0.0,13,0,25.62711,-100.28613,HOGAR REUNIÓN,UT_DENSIDAD
274,3,C,RECESO,105.3,14,0,25.56632,-100.23881,PARADA TÉCNICA,UT_GAS_URBANA
276,3,BC,RECESO,109.82,17,0,25.66113,-100.39875,PARADA TÉCNICA,UT_TRAFICO_VEHICULAR
309,3,B,RECESO,77.0,14,0,25.65671,-100.36253,PARADA TÉCNICA,UT_DENSIDAD
308,3,AB,HOGAR,112.5,12,0,25.64252,-100.33347,CLÁSICO,UT_TRAFICO_VEHICULAR
584,3,C,HOGAR,0.0,13,0,25.66242,-100.29553,HOGAR REUNIÓN,UT_DENSIDAD
287,3,AB,BASE,105.34,17,0,25.58131,-100.25847,CLÁSICO,UT_DENSIDAD
656,3,C,BASE,0.0,0,0,25.66196,-100.31357,PARADA TÉCNICA,UT_GAS_URBANA
629,3,C,HOGAR,0.0,0,0,25.6821,-100.41138,HOGAR REUNIÓN,UT_DENSIDAD
295,3,C,RECESO,108.0,16,0,25.65979,-100.39622,OFICINISTAS,UT_TRAFICO_VEHICULAR
303,3,B,BASE,88.0,12,0,25.65706,-100.38443,OFICINISTAS,UT_TRAFICO_VEHICULAR
638,3,C,RECESO,0.0,0,0,25.66655,-100.27964,PARADA TÉCNICA,UT_TRAFICO_VEHICULAR
567,3,B,BASE,0.0,13,0,25.64856,-100.3572,PARADA TÉCNICA,UT_TRAFICO_PEATONAL
553,3,B,BASE,0.0,13,0,25.62432,-100.29972,HOGAR REUNIÓN,UT_TRAFICO_VEHICULAR
554,3,C,RECESO,0.0,0,0,25.65033,-100.3553,OFICINISTAS,UT_DENSIDAD
774,3,C,RECESO,0.0,0,0,25.53083,-100.21282,HOGAR REUNIÓN,UT_TRAFICO_VEHICULAR
251,3,C,RECESO,110.94,14,0,25.66742,-100.28471,PARADA TÉCNICA,UT_TRAFICO_VEHICULAR
252,3,B,RECESO,120.8,15,0,25.6321,-100.27243,OFICINISTAS,UT_TRAFICO_VEHICULAR
338,3,C,HOGAR,99.0,10,0,25.61578,-100.27783,CLÁSICO,UT_TRAFICO_VEHICULAR
337,3,C,HOGAR,106.0,10,0,25.66014,-100.28657,HOGAR REUNIÓN,UT_DENSIDAD
767,3,C,BASE,0.0,0,0,25.67365,-100.2749,HOGAR REUNIÓN,UT_TRAFICO_VEHICULAR
336,3,C,BASE,105.0,10,0,25.63963,-100.28821,CLÁSICO,UT_TRAFICO_VEHICULAR
341,3,C,BASE,81.0,10,0,25.66711,-100.29076,HOGAR REUNIÓN,UT_TRAFICO_VEHICULAR
258,3,CD,HOGAR,101.0,12,0,25.58928,-100.25288,HOGAR REUNIÓN,UT_DENSIDAD
752,3,B,BASE,169.49,0,0,25.6614,-100.40051,BARRIO COMPETIDO,UT_TRAFICO_VEHICULAR
333,3,A,HOGAR,124.0,10,0,25.57929,-100.2484,CLÁSICO,UT_DENSIDAD
577,3,C,BASE,0.0,13,0,25.5977,-100.25362,HOGAR REUNIÓN,UT_DENSIDAD
261,3,C,BASE,112.38,11,0,25.66352,-100.40939,HOGAR REUNIÓN,UT_DENSIDAD
262,3,BC,RECESO,122.83,14,0,25.65916,-100.36804,PARADA TÉCNICA,UT_TRAFICO_PEATONAL
331,3,BC,RECESO,74.0,10,0,25.67091,-100.39667,PARADA TÉCNICA,UT_GAS_URBANA
452,3,C,BASE,0.0,13,0,25.62589,-100.27324,CLÁSICO,UT_GAS_URBANA
429,3,C,BASE,0.0,13,0,25.66419,-100.33111,OFICINISTAS,UT_TRAFICO_VEHICULAR
408,3,C,HOGAR,108.84,15,11,25.60873,-100.26883,HOGAR REUNIÓN,UT_DENSIDAD
132,3,BC,HOGAR,107.67,11,10,25.64953,-100.384,OFICINISTAS,UT_DENSIDAD
413,3,C,BASE,92.17,11,5,25.62891,-100.29645,PARADA TÉCNICA,UT_GAS_URBANA
435,3,C,HOGAR,87.28,13,0,25.65787,-100.40572,HOGAR REUNIÓN,UT_DENSIDAD
442,3,C,HOGAR,0.0,13,0,25.65022,-100.2928,PARADA TÉCNICA,UT_TRAFICO_PEATONAL
436,3,BC,HOGAR,0.0,13,0,25.54982,-100.22381,CLÁSICO,UT_TRAFICO_VEHICULAR
122,3,AB,BASE,0.0,12,0,25.60406,-100.2678,HOGAR REUNIÓN,UT_DENSIDAD
121,3,BC,HOGAR,81.61,10,0,25.64548,-100.29303,CLÁSICO,UT_DENSIDAD
414,3,C,HOGAR,96.49,12,5,25.57829,-100.24148,HOGAR REUNIÓN,UT_TRAFICO_VEHICULAR
443,3,A,HOGAR,0.0,13,0,25.65795,-100.43849,HOGAR REUNIÓN,UT_DENSIDAD
119,3,BC,HOGAR,0.0,12,0,25.65988,-100.29136,CLÁSICO,UT_DENSIDAD
424,3,B,HOGAR,110.5,12,4,25.6241,-100.29509,HOGAR REUNIÓN,UT_DENSIDAD
375,3,C,BASE,82.99,10,10,25.58959,-100.24934,HOGAR REUNIÓN,UT_GAS_URBANA
118,3,C,HOGAR,112.38,10,0,25.608,-100.27007,CLÁSICO,UT_DENSIDAD
116,3,BC,HOGAR,71.5,10,0,25.65226,-100.2795,HOGAR REUNIÓN,UT_DENSIDAD
113,3,AB,HOGAR,105.58,12,6,25.6422,-100.27802,CLÁSICO,UT_TRAFICO_VEHICULAR
419,3,AB,HOGAR,115.76,12,6,25.65289,-100.34605,OFICINISTAS,UT_TRAFICO_VEHICULAR
165,3,C,BASE,0.0,13,0,25.65304,-100.28399,CLÁSICO,UT_GAS_URBANA
367,3,C,RECESO,0.0,10,0,25.64841,-100.28547,CLÁSICO,UT_TRAFICO_VEHICULAR
143,3,BC,HOGAR,0.0,9,0,25.62531,-100.29113,CLÁSICO,UT_DENSIDAD
161,3,BC,BASE,75.6,9,0,25.66865,-100.40311,OFICINISTAS,UT_TRAFICO_VEHICULAR
159,3,BC,HOGAR,0.0,12,0,25.66725,-100.27725,HOGAR REUNIÓN,UT_DENSIDAD
158,3,AB,HOGAR,0.0,12,0,25.64524,-100.27484,CLÁSICO,UT_TRAFICO_VEHICULAR
157,3,AB,BASE,108.0,14,0,25.63502,-100.36374,PARADA TÉCNICA,UT_TRAFICO_VEHICULAR
162,3,CD,BASE,126.0,10,0,25.6743,-100.40425,OFICINISTAS,UT_GAS_URBANA
154,3,BC,BASE,81.97,11,5,25.67178,-100.28287,OFICINISTAS,UT_DENSIDAD
151,3,AB,HOGAR,0.0,12,0,25.62241,-100.28827,HOGAR REUNIÓN,UT_DENSIDAD
149,3,AB,BASE,0.0,13,0,25.60031,-100.26577,HOGAR REUNIÓN,UT_DENSIDAD
148,3,AB,BASE,90.06,12,0,25.62791,-100.36239,CLÁSICO,UT_DENSIDAD
391,3,BC,BASE,70.85,8,3,25.65676,-100.38827,OFICINISTAS,UT_TRAFICO_VEHICULAR
147,3,BC,BASE,0.0,12,0,25.65384,-100.28962,OFICINISTAS,UT_TRAFICO_PEATONAL
146,3,A,BASE,84.02,12,5,25.65478,-100.38306,OFICINISTAS,UT_TRAFICO_VEHICULAR
472,3,B,RECESO,0.0,13,0,25.65847,-100.36536,PARADA TÉCNICA,UT_TRAFICO_PEATONAL
471,3,B,BASE,0.0,13,0,25.65677,-100.33659,PARADA TÉCNICA,UT_DENSIDAD
139,3,AB,HOGAR,129.6,10,0,25.63525,-100.37125,CLÁSICO,UT_DENSIDAD
138,3,AB,RECESO,114.4,10,0,25.65744,-100.36574,OFICINISTAS,UT_TRAFICO_VEHICULAR
396,3,AB,RECESO,112.95,12,10,25.56043,-100.232,CLÁSICO,UT_TRAFICO_VEHICULAR
134,3,AB,RECESO,115.2,10,0,25.66256,-100.36801,OFICINISTAS,UT_TRAFICO_VEHICULAR
445,3,C,BASE,0.0,13,0,25.65845,-100.28419,OFICINISTAS,UT_TRAFICO_VEHICULAR
133,3,C,RECESO,114.67,12,0,25.66034,-100.28202,CLÁSICO,UT_TRAFICO_VEHICULAR
444,3,D,HOGAR,0.0,13,0,25.5866,-100.24493,HOGAR REUNIÓN,UT_DENSIDAD
692,4,C,HOGAR,0.0,0,0,25.64549,-100.15797,HOGAR REUNIÓN,UT_DENSIDAD
697,4,C,BASE,0.0,0,0,25.64114,-100.15849,HOGAR REUNIÓN,UT_TRAFICO_VEHICULAR
701,4,C,BASE,97.88,13,0,25.66395,-100.15029,HOGAR REUNIÓN,UT_TRAFICO_VEHICULAR
695,4,C,HOGAR,0.0,0,0,25.64133,-100.06171,HOGAR REUNIÓN,UT_DENSIDAD
693,4,C,HOGAR,0.0,0,0,25.68688,-100.09822,PARADA TÉCNICA,UT_DENSIDAD
52,4,C,BASE,104.08,12,6,25.65314,-100.1115,PARADA TÉCNICA,UT_GAS_URBANA
709,4,C,BASE,0.0,0,0,25.64914,-100.16257,PARADA TÉCNICA,UT_GAS_URBANA
56,4,D,HOGAR,98.35,12,7,25.67128,-100.08602,HOGAR REUNIÓN,UT_DENSIDAD
711,4,C,HOGAR,97.84,13,0,25.68007,-100.16831,HOGAR REUNIÓN,UT_DENSIDAD
712,4,B,BASE,0.0,0,0,25.63907,-100.14898,HOGAR REUNIÓN,UT_TRAFICO_VEHICULAR
267,4,C,BASE,118.0,12,13,25.67022,-100.18105,HOGAR REUNIÓN,UT_DENSIDAD
717,4,C,HOGAR,110.99,14,0,25.637,-100.1251,HOGAR REUNIÓN,UT_DENSIDAD
727,4,C,HOGAR,0.0,0,0,25.64184,-100.10777,HOGAR REUNIÓN,UT_DENSIDAD
728,4,C,HOGAR,94.59,13,0,25.66763,-100.18443,HOGAR REUNIÓN,UT_DENSIDAD
264,4,C,BASE,117.0,13,9,25.68144,-100.16911,HOGAR REUNIÓN,UT_DENSIDAD
763,4,C,BASE,0.0,0,0,25.62994,-100.17502,HOGAR REUNIÓN,UT_GAS_URBANA
286,4,CD,RECESO,106.0,10,0,25.65147,-100.10713,PARADA TÉCNICA,UT_GAS_URBANA
641,4,C,RECESO,88.39,13,0,25.66455,-100.15575,OFICINISTAS,UT_TRAFICO_PEATONAL
643,4,C,HOGAR,117.03,13,0,25.65151,-100.18677,HOGAR REUNIÓN,UT_DENSIDAD
297,4,C,HOGAR,83.0,11,0,25.63888,-100.17997,HOGAR REUNIÓN,UT_DENSIDAD
645,4,C,HOGAR,107.67,13,0,25.66766,-100.2033,HOGAR REUNIÓN,UT_DENSIDAD
649,4,C,HOGAR,96.12,13,0,25.68285,-100.16291,HOGAR REUNIÓN,UT_DENSIDAD
294,4,CD,HOGAR,100.0,10,0,25.65195,-100.08189,OFICINISTAS,UT_CARRETERA_GAS
293,4,CD,BASE,103.0,10,0,25.64159,-100.09377,PARADA TÉCNICA,UT_CARRETERA_GAS
655,4,C,HOGAR,0.0,0,0,25.64333,-100.13593,HOGAR REUNIÓN,UT_DENSIDAD
657,4,C,BASE,0.0,0,0,25.62437,-100.06568,PARADA TÉCNICA,UT_TRAFICO_VEHICULAR
658,4,C,BASE,0.0,0,0,25.64325,-100.09237,PARADA TÉCNICA,UT_TRAFICO_VEHICULAR
32,4,C,HOGAR,83.92,9,0,25.66615,-100.13315,HOGAR REUNIÓN,UT_DENSIDAD
665,4,C,HOGAR,120.91,13,0,25.66052,-100.18487,HOGAR REUNIÓN,UT_DENSIDAD
691,4,C,HOGAR,119.33,13,0,25.66351,-100.17908,HOGAR REUNIÓN,UT_DENSIDAD
672,4,C,BASE,0.0,0,0,25.64168,-100.08912,PARADA TÉCNICA,UT_GAS_URBANA
673,4,C,BASE,111.41,13,0,25.64503,-100.17097,HOGAR REUNIÓN,UT_TRAFICO_VEHICULAR
278,4,C,HOGAR,112.52,12,0,25.65557,-100.08114,HOGAR REUNIÓN,UT_CARRETERA_GAS
37,4,D,HOGAR,109.93,12,0,25.61395,-100.17367,HOGAR REUNIÓN,UT_DENSIDAD
43,4,CD,HOGAR,0.0,12,0,25.61009,-100.15445,HOGAR REUNIÓN,UT_DENSIDAD
44,4,CD,HOGAR,93.28,12,9,25.61295,-100.15086,HOGAR REUNIÓN,UT_DENSIDAD
685,4,C,BASE,0.0,0,0,25.62251,-100.11564,PARADA TÉCNICA,UT_TRAFICO_VEHICULAR
687,4,C,HOGAR,135.12,13,0,25.66008,-100.20738,HOGAR REUNIÓN,UT_DENSIDAD
688,4,C,BASE,114.99,13,0,25.66385,-100.16292,HOGAR REUNIÓN,UT_TRAFICO_VEHICULAR
689,4,C,HOGAR,124.11,13,0,25.6576,-100.19825,HOGAR REUNIÓN,UT_DENSIDAD
45,4,CD,HOGAR,95.22,14,7,25.60885,-100.15186,HOGAR REUNIÓN,UT_DENSIDAD
842,4,C,HOGAR,86.38,12,0,25.66859,-100.20566,HOGAR REUNIÓN,UT_DENSIDAD
249,4,D,BASE,110.0,10,0,25.64624,-100.09664,PARADA TÉCNICA,UT_GAS_URBANA
101,4,C,HOGAR,0.0,13,0,25.6252,-100.11314,HOGAR REUNIÓN,UT_DENSIDAD
794,4,C,HOGAR,108.38,14,0,25.62578,-100.10845,HOGAR REUNIÓN,UT_DENSIDAD
104,4,C,HOGAR,0.0,13,0,25.66592,-100.09583,HOGAR REUNIÓN,UT_DENSIDAD
109,4,B,HOGAR,0.0,13,0,25.6497,-100.07945,HOGAR REUNIÓN,UT_DENSIDAD
238,4,C,HOGAR,125.16,12,14,25.67126,-100.15907,HOGAR REUNIÓN,UT_DENSIDAD
112,4,B,BASE,0.0,13,0,25.63771,-100.14633,HOGAR REUNIÓN,UT_TRAFICO_VEHICULAR
233,4,C,BASE,102.97,13,10,25.6675,-100.17705,OFICINISTAS,UT_GAS_URBANA
812,4,C,HOGAR,106.61,14,0,25.63369,-100.08873,HOGAR REUNIÓN,UT_DENSIDAD
225,4,D,BASE,118.72,10,0,25.65933,-100.1462,HOGAR REUNIÓN,UT_GAS_URBANA
825,4,C,HOGAR,116.88,13,0,25.621,-100.1357,HOGAR REUNIÓN,UT_DENSIDAD
829,4,C,HOGAR,115.45,14,0,25.6583,-100.0982,HOGAR REUNIÓN,UT_DENSIDAD
788,4,C,HOGAR,102.92,14,0,25.62279,-100.14207,HOGAR REUNIÓN,UT_DENSIDAD
845,4,C,HOGAR,106.03,14,0,25.6792,-100.179,HOGAR REUNIÓN,UT_DENSIDAD
128,4,BC,BASE,95.54,10,6,25.65119,-100.19772,HOGAR REUNIÓN,UT_DENSIDAD
216,4,C,HOGAR,130.4,12,0,25.62346,-100.17471,HOGAR REUNIÓN,UT_DENSIDAD
724,4,C,HOGAR,0.0,0,0,25.63517,-100.18604,HOGAR REUNIÓN,UT_DENSIDAD
861,4,C,BASE,0.0,0,0,25.69839,-100.11424,HOGAR REUNIÓN,UT_DENSIDAD
862,4,C,HOGAR,0.0,0,0,25.64401,-100.14872,HOGAR REUNIÓN,UT_DENSIDAD
868,4,C,HOGAR,0.0,0,0,25.64498,-100.10663,BARRIO COMPETIDO,UT_DENSIDAD
198,4,BC,BASE,118.0,10,0,25.64738,-100.09982,HOGAR REUNIÓN,UT_TRAFICO_VEHICULAR
163,4,C,BASE,114.24,12,11,25.64966,-100.18897,HOGAR REUNIÓN,UT_GAS_URBANA
759,4,C,HOGAR,0.0,0,0,25.61631,-100.13266,HOGAR REUNIÓN,UT_DENSIDAD
63,4,D,HOGAR,108.53,12,5,25.66645,-100.10365,HOGAR REUNIÓN,UT_DENSIDAD
263,4,C,HOGAR,144.12,13,12,25.67809,-100.16256,HOGAR REUNIÓN,UT_DENSIDAD
67,4,C,RECESO,97.71,12,6,25.67955,-100.11205,PARADA TÉCNICA,UT_CARRETERA_GAS
741,4,C,HOGAR,0.0,0,0,25.6503,-100.09787,HOGAR REUNIÓN,UT_DENSIDAD
68,4,D,HOGAR,102.87,13,7,25.64911,-100.1431,HOGAR REUNIÓN,UT_GAS_URBANA
751,4,C,HOGAR,0.0,0,0,25.68108,-100.07976,HOGAR REUNIÓN,UT_DENSIDAD
69,4,C,HOGAR,101.82,12,7,25.61119,-100.17794,HOGAR REUNIÓN,UT_DENSIDAD
257,4,C,HOGAR,106.0,12,14,25.66678,-100.16033,HOGAR REUNIÓN,UT_DENSIDAD
755,4,C,HOGAR,0.0,0,0,25.6718,-100.07631,BARRIO COMPETIDO,UT_DENSIDAD
756,4,C,HOGAR,0.0,0,0,25.63392,-100.12148,HOGAR REUNIÓN,UT_DENSIDAD
758,4,C,BASE,0.0,0,0,25.62464,-100.11749,PARADA TÉCNICA,UT_GAS_URBANA
76,4,CD,HOGAR,109.21,13,7,25.6064,-100.16801,HOGAR REUNIÓN,UT_DENSIDAD
62,4,CD,BASE,85.25,12,9,25.64195,-100.11259,HOGAR REUNIÓN,UT_DENSIDAD
762,4,C,HOGAR,0.0,0,0,25.6793,-100.09175,HOGAR REUNIÓN,UT_DENSIDAD
256,4,C,HOGAR,95.0,10,0,25.65545,-100.12373,HOGAR REUNIÓN,UT_TRAFICO_VEHICULAR
78,4,CD,HOGAR,115.44,13,9,25.68897,-100.11577,HOGAR REUNIÓN,UT_DENSIDAD
85,4,C,RECESO,116.98,14,10,25.64717,-100.09112,OFICINISTAS,UT_DENSIDAD
776,4,C,HOGAR,0.0,0,0,25.61936,-100.12416,OFICINISTAS,UT_DENSIDAD
86,4,C,HOGAR,116.12,12,9,25.68957,-100.11101,HOGAR REUNIÓN,UT_DENSIDAD
89,4,B,HOGAR,115.77,12,9,25.64365,-100.08587,HOGAR REUNIÓN,UT_DENSIDAD
778,4,C,BASE,0.0,0,0,25.64885,-100.08403,BARRIO COMPETIDO,UT_TRAFICO_VEHICULAR
781,4,C,HOGAR,89.47,13,0,25.6386,-100.1923,HOGAR REUNIÓN,UT_DENSIDAD
96,4,C,BASE,92.45,11,10,25.64882,-100.11601,HOGAR REUNIÓN,UT_DENSIDAD
782,4,C,HOGAR,0.0,0,0,25.6037,-100.1814,BARRIO COMPETIDO,UT_DENSIDAD
787,4,C,HOGAR,0.0,0,0,25.61143,-100.14326,BARRIO COMPETIDO,UT_DENSIDAD
476,4,C,BASE,97.14,13,17,25.65174,-100.16009,HOGAR REUNIÓN,UT_GAS_URBANA
573,4,C,HOGAR,0.0,13,0,25.61552,-100.15421,HOGAR REUNIÓN,UT_DENSIDAD
491,4,B,HOGAR,0.0,13,0,25.61903,-100.14562,HOGAR REUNIÓN,UT_DENSIDAD
576,4,C,HOGAR,110.74,12,5,25.65319,-100.20294,HOGAR REUNIÓN,UT_DENSIDAD
489,4,B,HOGAR,0.0,13,0,25.63466,-100.15852,HOGAR REUNIÓN,UT_TRAFICO_VEHICULAR
578,4,C,HOGAR,0.0,13,0,25.60816,-100.16515,HOGAR REUNIÓN,UT_DENSIDAD
488,4,B,HOGAR,0.0,13,0,25.61455,-100.17592,HOGAR REUNIÓN,UT_DENSIDAD
487,4,B,HOGAR,0.0,13,0,25.63661,-100.17872,HOGAR REUNIÓN,UT_DENSIDAD
354,4,C,BASE,101.0,10,10,25.65599,-100.18227,OFICINISTAS,UT_GAS_URBANA
579,4,C,HOGAR,0.0,0,0,25.66445,-100.1007,HOGAR REUNIÓN,UT_DENSIDAD
478,4,C,HOGAR,78.49,11,8,25.63906,-100.18691,HOGAR REUNIÓN,UT_DENSIDAD
477,4,C,HOGAR,0.0,13,0,25.69536,-100.117,HOGAR REUNIÓN,UT_DENSIDAD
569,4,C,RECESO,0.0,13,0,25.62041,-100.10528,PARADA TÉCNICA,UT_CARRETERA_GAS
325,4,C,HOGAR,103.0,10,9,25.68066,-100.1747,HOGAR REUNIÓN,UT_DENSIDAD
586,4,C,BASE,102.14,12,0,25.6606,-100.15012,CLÁSICO,UT_TRAFICO_VEHICULAR
323,4,C,HOGAR,103.0,11,7,25.65474,-100.19161,HOGAR REUNIÓN,UT_DENSIDAD
357,4,C,HOGAR,99.48,13,17,25.64439,-100.18586,HOGAR REUNIÓN,UT_GAS_URBANA
469,4,C,BASE,110.53,13,12,25.67482,-100.19868,PARADA TÉCNICA,UT_DENSIDAD
589,4,C,HOGAR,107.21,13,0,25.63988,-100.19627,HOGAR REUNIÓN,UT_DENSIDAD
466,4,C,HOGAR,77.01,11,5,25.65171,-100.19697,HOGAR REUNIÓN,UT_DENSIDAD
463,4,CD,HOGAR,117.62,13,9,25.66278,-100.17165,HOGAR REUNIÓN,UT_DENSIDAD
592,4,C,HOGAR,104.63,13,0,25.64027,-100.20374,HOGAR REUNIÓN,UT_DENSIDAD
454,4,C,HOGAR,133.34,13,7,25.68396,-100.17319,HOGAR REUNIÓN,UT_DENSIDAD
313,4,C,HOGAR,101.0,13,9,25.66092,-100.1955,HOGAR REUNIÓN,UT_DENSIDAD
342,4,C,HOGAR,90.0,10,7,25.65693,-100.17219,HOGAR REUNIÓN,UT_DENSIDAD
343,4,C,HOGAR,113.0,11,11,25.6585,-100.1898,HOGAR REUNIÓN,UT_DENSIDAD
542,4,B,HOGAR,0.0,13,0,25.6263,-100.09652,HOGAR REUNIÓN,UT_DENSIDAD
543,4,B,HOGAR,0.0,13,0,25.65013,-100.07336,HOGAR REUNIÓN,UT_DENSIDAD
544,4,B,HOGAR,0.0,13,0,25.64653,-100.06443,HOGAR REUNIÓN,UT_TRAFICO_VEHICULAR
532,4,B,HOGAR,0.0,13,0,25.68988,-100.10206,BARRIO COMPETIDO,UT_DENSIDAD
531,4,C,HOGAR,119.0,13,11,25.66834,-100.20095,HOGAR REUNIÓN,UT_DENSIDAD
546,4,B,HOGAR,0.0,13,0,25.62223,-100.09129,HOGAR REUNIÓN,UT_DENSIDAD
547,4,B,BASE,0.0,13,0,25.66161,-100.14385,HOGAR REUNIÓN,UT_TRAFICO_VEHICULAR
529,4,B,HOGAR,0.0,13,0,25.64248,-100.1225,HOGAR REUNIÓN,UT_DENSIDAD
527,4,B,HOGAR,0.0,13,0,25.64268,-100.10129,HOGAR REUNIÓN,UT_DENSIDAD
524,4,B,HOGAR,0.0,13,0,25.64402,-100.05898,HOGAR REUNIÓN,UT_DENSIDAD
551,4,C,HOGAR,0.0,13,0,25.66131,-100.10421,HOGAR REUNIÓN,UT_DENSIDAD
301,4,C,HOGAR,120.0,10,10,25.64824,-100.1831,HOGAR REUNIÓN,UT_DENSIDAD
552,4,C,HOGAR,0.0,13,0,25.62981,-100.09465,HOGAR REUNIÓN,UT_DENSIDAD
344,4,C,HOGAR,113.11,10,12,25.65219,-100.20159,HOGAR REUNIÓN,UT_TRAFICO_VEHICULAR
517,4,B,HOGAR,0.0,13,0,25.68302,-100.0874,HOGAR REUNIÓN,UT_DENSIDAD
515,4,B,HOGAR,0.0,13,0,25.63215,-100.09914,HOGAR REUNIÓN,UT_TRAFICO_VEHICULAR
558,4,C,HOGAR,108.4,13,6,25.66055,-100.15006,HOGAR REUNIÓN,UT_DENSIDAD
561,4,C,HOGAR,117.26,13,11,25.66779,-100.1394,HOGAR REUNIÓN,UT_DENSIDAD
508,4,B,HOGAR,0.0,13,0,25.61912,-100.12962,HOGAR REUNIÓN,UT_DENSIDAD
335,4,C,HOGAR,119.72,13,0,25.68401,-100.17951,HOGAR REUNIÓN,UT_DENSIDAD
565,4,C,HOGAR,0.0,13,0,25.66704,-100.10666,HOGAR REUNIÓN,UT_DENSIDAD
347,4,CD,HOGAR,118.0,10,0,25.62776,-100.15437,HOGAR REUNIÓN,UT_DENSIDAD
505,4,B,BASE,0.0,13,0,25.61653,-100.14059,HOGAR REUNIÓN,UT_DENSIDAD
566,4,C,HOGAR,0.0,13,0,25.61549,-100.16955,HOGAR REUNIÓN,UT_DENSIDAD
499,4,B,HOGAR,0.0,13,0,25.61784,-100.17803,HOGAR REUNIÓN,UT_DENSIDAD
378,4,C,HOGAR,101.61,13,10,25.63521,-100.19571,HOGAR REUNIÓN,UT_DENSIDAD
613,4,C,HOGAR,0.0,13,0,25.66542,-100.12747,HOGAR REUNIÓN,UT_DENSIDAD
377,4,C,BASE,101.92,12,10,25.67398,-100.19056,OFICINISTAS,UT_GAS_URBANA
624,4,C,HOGAR,0.0,0,0,25.63117,-100.10429,HOGAR REUNIÓN,UT_DENSIDAD
609,4,C,HOGAR,112.76,13,7,25.6568,-100.20271,HOGAR REUNIÓN,UT_DENSIDAD
625,4,C,HOGAR,0.0,0,0,25.62271,-100.12389,BARRIO COMPETIDO,UT_DENSIDAD
437,4,D,HOGAR,132.58,13,10,25.6505,-100.19497,HOGAR REUNIÓN,UT_DENSIDAD
607,4,C,BASE,113.87,13,0,25.65072,-100.17396,HOGAR REUNIÓN,UT_TRAFICO_VEHICULAR
405,4,C,BASE,114.35,13,11,25.67513,-100.19265,OFICINISTAS,UT_GAS_URBANA
606,4,C,HOGAR,0.0,13,0,25.66378,-100.12145,HOGAR REUNIÓN,UT_DENSIDAD
614,4,C,HOGAR,0.0,0,0,25.69467,-100.10876,HOGAR REUNIÓN,UT_DENSIDAD
628,4,C,HOGAR,0.0,0,0,25.62308,-100.11947,HOGAR REUNIÓN,UT_DENSIDAD
602,4,C,HOGAR,119.59,12,0,25.64834,-100.20994,HOGAR REUNIÓN,UT_DENSIDAD
632,4,C,HOGAR,0.0,0,0,25.67265,-100.10799,HOGAR REUNIÓN,UT_DENSIDAD
601,4,C,HOGAR,115.58,13,10,25.6537,-100.15693,HOGAR REUNIÓN,UT_DENSIDAD
379,4,C,HOGAR,84.9,12,8,25.66388,-100.20391,HOGAR REUNIÓN,UT_TRAFICO_VEHICULAR
637,4,C,HOGAR,0.0,0,0,25.66896,-100.1318,HOGAR REUNIÓN,UT_DENSIDAD
619,4,C,HOGAR,0.0,0,0,25.69338,-100.11017,HOGAR REUNIÓN,UT_DENSIDAD
421,4,C,HOGAR,124.98,13,11,25.65846,-100.16494,HOGAR REUNIÓN,UT_DENSIDAD
305,4,B,BASE,84.0,10,9,25.6634,-100.1497,CLÁSICO,UT_DENSIDAD
312,4,C,HOGAR,128.0,13,11,25.64689,-100.17775,HOGAR REUNIÓN,UT_DENSIDAD
617,4,C,HOGAR,0.0,0,0,25.65422,-100.07998,BARRIO COMPETIDO,UT_DENSIDAD
397,4,C,HOGAR,107.52,11,6,25.6812,-100.17201,HOGAR REUNIÓN,UT_DENSIDAD
416,4,C,HOGAR,101.73,12,8,25.65194,-100.18565,HOGAR REUNIÓN,UT_DENSIDAD
381,5,C,BASE,107.18,12,6,25.78953,-100.19482,PARADA TÉCNICA,UT_GAS_URBANA
513,5,C,HOGAR,106.69,13,8,25.80144,-100.21888,HOGAR REUNIÓN,UT_DENSIDAD
512,5,B,HOGAR,98.66,13,7,25.75565,-100.10629,HOGAR REUNIÓN,UT_DENSIDAD
382,5,C,HOGAR,107.27,13,7,25.70592,-100.1009,BARRIO COMPETIDO,UT_DENSIDAD
415,5,C,HOGAR,99.9,13,10,25.74753,-100.15064,HOGAR REUNIÓN,UT_DENSIDAD
203,5,CD,BASE,109.41,12,11,25.74875,-100.22658,HOGAR REUNIÓN,UT_TRAFICO_VEHICULAR
384,5,C,HOGAR,116.15,13,7,25.70345,-100.09608,HOGAR REUNIÓN,UT_DENSIDAD
871,5,C,HOGAR,0.0,0,0,25.79852,-100.22754,HOGAR REUNIÓN,UT_DENSIDAD
383,5,C,HOGAR,107.4,13,9,25.70929,-100.10361,PARADA TÉCNICA,UT_DENSIDAD
872,5,C,HOGAR,0.0,0,0,25.76884,-100.15083,HOGAR REUNIÓN,UT_DENSIDAD
418,5,CD,HOGAR,119.18,12,9,25.75359,-100.15279,HOGAR REUNIÓN,UT_DENSIDAD
202,5,C,BASE,80.28,10,5,25.82094,-100.22097,HOGAR REUNIÓN,UT_DENSIDAD
412,5,C,HOGAR,115.2,12,9,25.80539,-100.21943,HOGAR REUNIÓN,UT_DENSIDAD
393,5,C,HOGAR,112.3,12,8,25.82126,-100.10702,HOGAR REUNIÓN,UT_DENSIDAD
235,5,C,BASE,126.41,12,9,25.78424,-100.26629,HOGAR REUNIÓN,UT_DENSIDAD
394,5,C,HOGAR,111.77,13,9,25.81771,-100.1078,HOGAR REUNIÓN,UT_DENSIDAD
535,5,C,BASE,114.38,13,9,25.78523,-100.19049,PARADA TÉCNICA,UT_TRAFICO_PEATONAL
534,5,C,HOGAR,115.02,13,0,25.80848,-100.2275,HOGAR REUNIÓN,UT_DENSIDAD
533,5,C,HOGAR,117.29,13,6,25.76443,-100.26214,HOGAR REUNIÓN,UT_DENSIDAD
398,5,C,HOGAR,95.97,13,8,25.76204,-100.13888,HOGAR REUNIÓN,UT_DENSIDAD
821,5,C,HOGAR,0.0,0,0,25.78159,-100.24528,HOGAR REUNIÓN,UT_DENSIDAD
399,5,D,HOGAR,108.42,13,9,25.8141,-100.25587,HOGAR REUNIÓN,UT_DENSIDAD
385,5,CD,HOGAR,112.95,13,9,25.71077,-100.09625,BARRIO COMPETIDO,UT_DENSIDAD
388,5,C,HOGAR,111.77,13,9,25.82395,-100.12135,HOGAR REUNIÓN,UT_DENSIDAD
403,5,C,HOGAR,109.73,13,9,25.8132,-100.10732,PARADA TÉCNICA,UT_DENSIDAD
831,5,B,HOGAR,0.0,0,0,25.80079,-100.19156,HOGAR REUNIÓN,UT_DENSIDAD
833,5,C,HOGAR,0.0,0,0,25.8173,-100.234,HOGAR REUNIÓN,UT_DENSIDAD
836,5,C,HOGAR,0.0,0,0,25.796,-100.2677,HOGAR REUNIÓN,UT_DENSIDAD
387,5,C,HOGAR,118.08,12,4,25.75882,-100.17007,BARRIO COMPETIDO,UT_TRAFICO_VEHICULAR
217,5,CD,HOGAR,115.81,10,14,25.79035,-100.26302,HOGAR REUNIÓN,UT_DENSIDAD
386,5,C,HOGAR,107.1,12,13,25.70686,-100.09634,OFICINISTAS,UT_DENSIDAD
849,5,C,HOGAR,0.0,0,0,25.85841,-99.94211,BARRIO COMPETIDO,UT_DENSIDAD
857,5,C,HOGAR,0.0,0,0,0.0,0.0,HOGAR REUNIÓN,UT_DENSIDAD
459,5,C,HOGAR,82.92,12,8,25.73927,-100.14431,HOGAR REUNIÓN,UT_DENSIDAD
136,5,CD,HOGAR,107.9,10,13,25.77565,-100.26596,HOGAR REUNIÓN,UT_DENSIDAD
468,5,C,HOGAR,115.0,13,7,25.82092,-100.23078,HOGAR REUNIÓN,UT_DENSIDAD
467,5,C,HOGAR,121.19,13,0,25.82195,-100.23402,HOGAR REUNIÓN,UT_DENSIDAD
371,5,C,PEATONAL,95.0,10,4,25.77614,-100.18724,OFICINISTAS,UT_TRAFICO_PEATONAL
465,5,C,BASE,121.28,13,12,25.77893,-100.25511,HOGAR REUNIÓN,UT_TRAFICO_VEHICULAR
359,5,C,HOGAR,66.24,10,9,25.79337,-100.23526,HOGAR REUNIÓN,UT_DENSIDAD
462,5,C,BASE,64.51,10,8,25.7795,-100.1882,OFICINISTAS,UT_TRAFICO_PEATONAL
461,5,C,HOGAR,99.45,12,3,25.76057,-100.2168,HOGAR REUNIÓN,UT_DENSIDAD
137,5,D,HOGAR,128.96,12,10,25.78499,-100.25311,HOGAR REUNIÓN,UT_GAS_URBANA
362,5,C,BASE,96.0,10,11,25.81464,-100.217,HOGAR REUNIÓN,UT_GAS_URBANA
115,5,BC,RECESO,160.2,12,0,25.78965,-100.14666,PARADA TÉCNICA,UT_CARRETERA_GAS
363,5,C,HOGAR,115.79,13,11,25.81966,-100.25688,HOGAR REUNIÓN,UT_DENSIDAD
364,5,C,HOGAR,108.21,10,12,25.74235,-100.21792,CLÁSICO,UT_GAS_URBANA
369,5,C,HOGAR,95.22,13,9,25.76323,-100.14641,HOGAR REUNIÓN,UT_DENSIDAD
368,5,C,HOGAR,92.06,13,5,25.76541,-100.14872,HOGAR REUNIÓN,UT_DENSIDAD
448,5,C,BASE,123.86,13,0,25.77803,-100.17311,OFICINISTAS,UT_TRAFICO_VEHICULAR
451,5,C,BASE,121.96,13,0,25.78324,-100.0539,HOGAR REUNIÓN,UT_DENSIDAD
449,5,C,HOGAR,121.98,13,10,25.74115,-100.22425,PARADA TÉCNICA,UT_DENSIDAD
482,5,C,RECESO,129.1,13,7,25.78409,-100.1831,OFICINISTAS,UT_TRAFICO_PEATONAL
494,5,C,BASE,111.54,13,5,26.08399,-99.60526,OFICINISTAS,UT_TRAFICO_VEHICULAR
353,5,C,HOGAR,97.45,13,10,25.75508,-100.1333,HOGAR REUNIÓN,UT_DENSIDAD
422,5,C,BASE,147.56,13,4,25.87785,-100.25374,PARADA TÉCNICA,UT_GAS_URBANA
168,5,CD,RECESO,114.1,12,6,25.85564,-100.23961,PARADA TÉCNICA,UT_CARRETERA_GAS
426,5,C,RECESO,109.92,11,4,25.77853,-100.18607,OFICINISTAS,UT_TRAFICO_PEATONAL
166,5,CD,HOGAR,95.54,10,7,25.79733,-100.24907,HOGAR REUNIÓN,UT_DENSIDAD
428,5,C,HOGAR,143.24,12,6,25.79502,-100.21742,HOGAR REUNIÓN,UT_DENSIDAD
483,5,C,HOGAR,113.33,13,6,26.30989,-99.5393,HOGAR REUNIÓN,UT_DENSIDAD
502,5,C,BASE,111.44,13,10,25.78769,-100.18016,HOGAR REUNIÓN,UT_TRAFICO_VEHICULAR
481,5,C,HOGAR,113.5,13,11,25.7829,-100.2648,HOGAR REUNIÓN,UT_DENSIDAD
479,5,C,RECESO,117.85,13,10,25.78114,-100.18658,OFICINISTAS,UT_TRAFICO_PEATONAL
432,5,CD,HOGAR,112.31,13,7,25.81587,-100.26231,HOGAR REUNIÓN,UT_DENSIDAD
376,5,C,HOGAR,97.3,12,10,25.74147,-100.15877,HOGAR REUNIÓN,UT_GAS_URBANA
475,5,C,HOGAR,114.49,13,11,26.21838,-99.48379,HOGAR REUNIÓN,UT_DENSIDAD
434,5,C,HOGAR,105.56,13,9,25.78113,-100.25848,HOGAR REUNIÓN,UT_DENSIDAD
142,5,BC,HOGAR,131.12,13,9,25.7783,-100.18404,PARADA TÉCNICA,UT_CARRETERA_GAS
473,5,C,HOGAR,108.95,13,8,26.08988,-99.61414,OFICINISTAS,UT_DENSIDAD
373,5,CD,HOGAR,108.32,13,7,25.75829,-100.13589,HOGAR REUNIÓN,UT_DENSIDAD
678,5,C,HOGAR,125.71,13,0,25.80739,-100.23326,HOGAR REUNIÓN,UT_DENSIDAD
743,5,B,HOGAR,110.65,14,0,25.7687,-100.21336,HOGAR REUNIÓN,UT_DENSIDAD
603,5,C,BASE,129.77,13,0,25.77272,-100.01139,PARADA TÉCNICA,UT_TRAFICO_VEHICULAR
749,5,C,BASE,111.84,15,0,26.07895,-99.62539,PARADA TÉCNICA,UT_TRAFICO_VEHICULAR
574,5,C,HOGAR,107.74,13,0,25.8221,-100.25906,HOGAR REUNIÓN,UT_DENSIDAD
334,5,C,RECESO,117.0,10,9,25.77734,-100.18229,PARADA TÉCNICA,UT_CARRETERA_GAS
608,5,C,HOGAR,110.37,13,0,25.78701,-100.20481,HOGAR REUNIÓN,UT_DENSIDAD
568,5,C,HOGAR,108.3,13,0,25.79812,-100.25672,HOGAR REUNIÓN,UT_DENSIDAD
683,5,C,HOGAR,128.77,13,0,25.75383,-100.10352,BARRIO COMPETIDO,UT_DENSIDAD
679,5,C,HOGAR,120.39,13,0,25.75634,-100.16623,HOGAR REUNIÓN,UT_DENSIDAD
742,5,C,BASE,130.38,14,0,25.79436,-100.08207,PARADA TÉCNICA,UT_TRAFICO_VEHICULAR
563,5,C,BASE,116.56,13,12,25.77845,-100.02328,PARADA TÉCNICA,UT_TRAFICO_VEHICULAR
255,5,C,HOGAR,120.0,12,8,25.77606,-100.25501,HOGAR REUNIÓN,UT_DENSIDAD
676,5,C,HOGAR,112.43,13,0,25.77877,-100.2631,HOGAR REUNIÓN,UT_DENSIDAD
675,5,C,BASE,120.27,13,0,25.78519,-100.05869,HOGAR REUNIÓN,UT_TRAFICO_VEHICULAR
339,5,BC,PEATONAL,113.0,10,11,25.77858,-100.12156,PARADA TÉCNICA,UT_GAS_URBANA
771,5,C,HOGAR,117.95,15,0,25.77843,-100.24895,HOGAR REUNIÓN,UT_DENSIDAD
772,5,C,HOGAR,89.6,15,0,25.79316,-100.18115,HOGAR REUNIÓN,UT_DENSIDAD
773,5,C,HOGAR,94.84,15,0,25.80301,-100.22922,HOGAR REUNIÓN,UT_DENSIDAD
283,5,C,HOGAR,98.26,13,9,25.76396,-100.24963,HOGAR REUNIÓN,UT_DENSIDAD
669,5,C,BASE,113.8,13,0,25.82412,-100.21998,HOGAR REUNIÓN,UT_TRAFICO_VEHICULAR
775,5,C,HOGAR,115.38,15,0,25.76244,-100.25412,HOGAR REUNIÓN,UT_DENSIDAD
392,5,C,RECESO,103.55,12,3,25.78061,-100.18968,OFICINISTAS,UT_TRAFICO_PEATONAL
596,5,B,HOGAR,129.77,13,5,25.79536,-100.0951,HOGAR REUNIÓN,UT_DENSIDAD
703,5,C,HOGAR,115.5,13,0,25.75169,-100.15797,HOGAR REUNIÓN,UT_DENSIDAD
705,5,C,HOGAR,110.65,13,0,25.74365,-100.1505,HOGAR REUNIÓN,UT_DENSIDAD
269,5,C,BASE,118.0,12,6,25.77694,-100.25638,BARRIO COMPETIDO,UT_GAS_URBANA
707,5,C,HOGAR,137.47,13,0,25.77529,-100.23816,HOGAR REUNIÓN,UT_DENSIDAD
319,5,CD,HOGAR,109.81,10,11,25.83017,-100.24536,HOGAR REUNIÓN,UT_TRAFICO_VEHICULAR
714,5,C,HOGAR,111.49,13,0,25.87926,-100.0327,HOGAR REUNIÓN,UT_DENSIDAD
698,5,C,HOGAR,125.1,13,0,25.7564,-100.2484,HOGAR REUNIÓN,UT_DENSIDAD
239,5,C,HOGAR,127.58,12,7,25.76451,-100.2572,HOGAR REUNIÓN,UT_DENSIDAD
266,5,C,RECESO,156.95,13,7,25.76677,-100.20124,PARADA TÉCNICA,UT_CARRETERA_GAS
636,5,C,HOGAR,118.07,13,0,25.79726,-100.05891,PARADA TÉCNICA,UT_DENSIDAD
265,5,C,HOGAR,104.01,13,9,25.78422,-100.19039,OFICINISTAS,UT_CARRETERA_GAS
729,5,C,BASE,122.28,13,0,25.78478,-100.25775,HOGAR REUNIÓN,UT_TRAFICO_VEHICULAR
732,5,C,HOGAR,118.46,15,0,25.75866,-100.10849,PARADA TÉCNICA,UT_DENSIDAD
733,5,C,BASE,96.29,14,0,25.79861,-100.20199,HOGAR REUNIÓN,UT_TRAFICO_VEHICULAR
696,5,C,HOGAR,117.97,13,0,25.77371,-100.23999,HOGAR REUNIÓN,UT_DENSIDAD
736,5,C,HOGAR,111.44,15,0,25.81079,-100.21974,HOGAR REUNIÓN,UT_DENSIDAD
738,5,C,BASE,122.43,15,0,25.77445,-100.19367,CLÁSICO,UT_TRAFICO_VEHICULAR
739,5,C,BASE,110.12,15,0,25.80732,-100.24986,HOGAR REUNIÓN,UT_TRAFICO_VEHICULAR
273,5,C,BASE,108.72,13,11,25.76794,-100.24138,HOGAR REUNIÓN,UT_GAS_URBANA
651,5,C,BASE,115.11,13,0,25.77467,-100.20012,HOGAR REUNIÓN,UT_TRAFICO_VEHICULAR
795,5,C,RECESO,108.54,0,0,25.72208,-100.11152,PARADA TÉCNICA,UT_GAS_URBANA
666,5,C,HOGAR,115.21,13,0,25.7564,-100.23588,HOGAR REUNIÓN,UT_DENSIDAD
244,5,CD,HOGAR,128.0,12,9,25.80301,-100.22456,HOGAR REUNIÓN,UT_TRAFICO_VEHICULAR
647,5,C,HOGAR,121.89,13,0,25.7865,-100.26285,HOGAR REUNIÓN,UT_DENSIDAD
661,5,C,HOGAR,114.88,13,0,25.71494,-100.10718,HOGAR REUNIÓN,UT_DENSIDAD
631,5,C,HOGAR,121.89,13,0,25.7878,-100.26697,HOGAR REUNIÓN,UT_DENSIDAD
796,5,C,BASE,128.56,0,0,25.80135,-100.157,PARADA TÉCNICA,UT_GAS_URBANA
664,5,C,HOGAR,114.11,13,0,25.76367,-100.24509,HOGAR REUNIÓN,UT_DENSIDAD
797,5,C,RECESO,101.34,0,0,25.71515,-100.10426,PARADA TÉCNICA,UT_GAS_URBANA
799,5,C,HOGAR,120.22,0,0,25.77842,-100.20311,HOGAR REUNIÓN,UT_GAS_URBANA
646,5,C,HOGAR,97.46,13,0,25.8184,-100.09625,HOGAR REUNIÓN,UT_DENSIDAD
304,5,C,BASE,108.0,10,9,25.78333,-100.22558,HOGAR REUNIÓN,UT_CARRETERA_GAS
777,5,C,HOGAR,94.33,14,0,25.76835,-100.25045,HOGAR REUNIÓN,UT_DENSIDAD
634,5,C,HOGAR,120.05,13,0,25.79764,-100.26361,HOGAR REUNIÓN,UT_DENSIDAD
549,5,B,HOGAR,120.77,13,11,25.7083,-100.08768,BARRIO COMPETIDO,UT_DENSIDAD
662,6,C,RECESO,0.0,0,0,25.45501,-100.15735,HOGAR REUNIÓN,UT_TRAFICO_VEHICULAR
623,6,C,HOGAR,0.0,0,0,25.58972,-99.98302,HOGAR REUNIÓN,UT_DENSIDAD
659,6,C,BASE,0.0,0,0,25.191,-99.82865,OFICINISTAS,UT_TRAFICO_VEHICULAR
626,6,C,HOGAR,0.0,0,0,25.58631,-100.00492,HOGAR REUNIÓN,UT_DENSIDAD
88,6,C,RECESO,89.67,11,7,25.3844,-100.11426,HOGAR REUNIÓN,UT_CARRETERA_GAS
87,6,C,RECESO,121.22,14,10,24.87257,-99.57919,PARADA TÉCNICA,UT_GAS_URBANA
622,6,C,BASE,0.0,0,0,25.58502,-99.99391,HOGAR REUNIÓN,UT_TRAFICO_VEHICULAR
21,6,CD,HOGAR,99.0,9,0,25.18824,-99.80819,BARRIO COMPETIDO,UT_DENSIDAD
621,6,C,BASE,0.0,0,0,25.58565,-100.03457,HOGAR REUNIÓN,UT_DENSIDAD
84,6,C,HOGAR,96.9,12,6,25.40713,-100.13747,HOGAR REUNIÓN,UT_DENSIDAD
83,6,C,HOGAR,106.7,13,5,25.5778,-100.01034,HOGAR REUNIÓN,UT_DENSIDAD
82,6,CD,BASE,112.21,13,6,24.85338,-99.55459,HOGAR REUNIÓN,UT_TRAFICO_VEHICULAR
81,6,D,HOGAR,114.06,13,6,25.56297,-99.97865,HOGAR REUNIÓN,UT_GAS_URBANA
22,6,C,HOGAR,78.0,10,0,25.57557,-99.98963,HOGAR REUNIÓN,UT_TRAFICO_VEHICULAR
99,6,C,HOGAR,0.0,13,0,24.8691,-99.55367,HOGAR REUNIÓN,UT_GAS_URBANA
107,6,C,HOGAR,0.0,13,0,24.88132,-99.55085,HOGAR REUNIÓN,UT_DENSIDAD
719,6,C,HOGAR,0.0,0,0,25.58241,-100.02211,HOGAR REUNIÓN,UT_DENSIDAD
106,6,C,HOGAR,0.0,13,0,25.20434,-99.84566,HOGAR REUNIÓN,UT_DENSIDAD
105,6,C,HOGAR,0.0,13,0,25.18256,-99.81497,HOGAR REUNIÓN,UT_DENSIDAD
103,6,C,HOGAR,0.0,13,0,25.30148,-100.03258,HOGAR REUNIÓN,UT_DENSIDAD
102,6,CD,HOGAR,0.0,13,0,25.20612,-99.83051,HOGAR REUNIÓN,UT_DENSIDAD
699,6,C,HOGAR,0.0,0,0,25.57064,-100.02873,HOGAR REUNIÓN,UT_DENSIDAD
654,6,C,BASE,0.0,0,0,25.18499,-99.8407,OFICINISTAS,UT_TRAFICO_VEHICULAR
98,6,C,RECESO,128.13,12,5,24.8886,-99.67181,PARADA TÉCNICA,UT_CARRETERA_GAS
97,6,C,HOGAR,113.55,13,0,25.19287,-99.82562,OFICINISTAS,UT_DENSIDAD
648,6,C,BASE,0.0,0,0,25.28052,-100.01043,PARADA TÉCNICA,UT_TRAFICO_VEHICULAR
95,6,C,HOGAR,107.87,12,11,24.86121,-99.5874,HOGAR REUNIÓN,UT_DENSIDAD
94,6,C,HOGAR,124.93,13,11,25.2663,-100.00712,HOGAR REUNIÓN,UT_TRAFICO_VEHICULAR
93,6,C,RECESO,92.17,11,6,25.61114,-100.04841,PARADA TÉCNICA,UT_CARRETERA_GAS
92,6,B,RECESO,121.2,12,11,25.28406,-100.01023,PARADA TÉCNICA,UT_DENSIDAD
627,6,C,HOGAR,0.0,0,0,25.37624,-100.11082,HOGAR REUNIÓN,UT_DENSIDAD
91,6,C,HOGAR,126.7,11,11,24.86346,-99.52436,HOGAR REUNIÓN,UT_DENSIDAD
282,6,BC,RECESO,114.0,13,0,24.85018,-99.5719,PARADA TÉCNICA,UT_CARRETERA_GAS
58,6,C,RECESO,83.65,12,2,25.1883,-99.83526,OFICINISTAS,UT_TRAFICO_PEATONAL
57,6,C,RECESO,122.02,12,11,25.24865,-99.97038,PARADA TÉCNICA,UT_CARRETERA_GAS
31,6,C,HOGAR,112.0,9,0,25.29708,-100.02935,HOGAR REUNIÓN,UT_DENSIDAD
55,6,C,BASE,115.53,12,10,25.47078,-100.17538,PARADA TÉCNICA,UT_CARRETERA_GAS
54,6,CD,BASE,121.5,12,9,25.18022,-99.83248,HOGAR REUNIÓN,UT_TRAFICO_VEHICULAR
53,6,C,RECESO,103.21,12,10,25.15216,-99.84832,PARADA TÉCNICA,UT_CARRETERA_GAS
33,6,C,BASE,123.53,10,5,25.25546,-99.68657,HOGAR REUNIÓN,UT_TRAFICO_PEATONAL
34,6,C,BASE,116.0,10,0,25.28155,-100.0205,CLÁSICO,UT_DENSIDAD
35,6,C,RECESO,96.0,10,0,24.8626,-99.57939,PARADA TÉCNICA,UT_CARRETERA_GAS
51,6,D,BASE,110.27,12,6,24.85599,-99.53781,HOGAR REUNIÓN,UT_GAS_URBANA
59,6,CD,BASE,142.67,12,10,25.25199,-99.70225,HOGAR REUNIÓN,UT_TRAFICO_VEHICULAR
36,6,C,HOGAR,109.93,12,5,25.1755,-99.83795,HOGAR REUNIÓN,UT_DENSIDAD
49,6,C,RECESO,109.0,10,0,25.39686,-100.13477,HOGAR REUNIÓN,UT_TRAFICO_VEHICULAR
618,6,C,BASE,0.0,0,0,25.56061,-100.00581,PARADA TÉCNICA,UT_TRAFICO_VEHICULAR
48,6,C,HOGAR,99.74,12,6,25.19349,-99.83942,PARADA TÉCNICA,UT_GAS_URBANA
47,6,C,HOGAR,79.57,12,6,24.86497,-99.561,HOGAR REUNIÓN,UT_TRAFICO_PEATONAL
46,6,C,HOGAR,106.51,12,11,25.58484,-99.98952,HOGAR REUNIÓN,UT_GAS_URBANA
615,6,C,BASE,0.0,0,0,25.19016,-99.83539,HOGAR REUNIÓN,UT_TRAFICO_VEHICULAR
38,6,C,RECESO,105.05,12,12,25.6076,-99.64965,PARADA TÉCNICA,UT_CARRETERA_GAS
42,6,D,HOGAR,92.84,12,7,25.57826,-100.02549,HOGAR REUNIÓN,UT_DENSIDAD
41,6,C,BASE,83.13,12,4,25.45995,-99.99653,PARADA TÉCNICA,UT_CARRETERA_GAS
39,6,C,RECESO,91.34,12,7,25.71129,-99.25392,PARADA TÉCNICA,UT_CARRETERA_GAS
71,6,C,BASE,100.28,13,10,25.58097,-100.00314,PARADA TÉCNICA,UT_TRAFICO_VEHICULAR
23,6,C,RECESO,95.0,10,0,24.88103,-99.58133,OFICINISTAS,UT_TRAFICO_PEATONAL
77,6,C,HOGAR,108.36,13,10,25.22275,-99.93358,HOGAR REUNIÓN,UT_TRAFICO_VEHICULAR
605,6,C,BASE,0.0,0,0,25.28028,-99.97056,PARADA TÉCNICA,UT_TRAFICO_VEHICULAR
75,6,C,RECESO,104.8,13,6,24.86431,-99.57059,OFICINISTAS,UT_TRAFICO_PEATONAL
24,6,BC,RECESO,93.0,10,0,25.18881,-99.82257,CLÁSICO,UT_TRAFICO_VEHICULAR
25,6,C,BASE,95.0,10,0,25.18958,-99.85066,PARADA TÉCNICA,UT_TRAFICO_VEHICULAR
74,6,C,BASE,102.85,13,9,25.58452,-100.00093,HOGAR REUNIÓN,UT_TRAFICO_VEHICULAR
73,6,C,BASE,104.45,13,9,25.59638,-100.02602,HOGAR REUNIÓN,UT_TRAFICO_VEHICULAR
72,6,CD,RECESO,103.84,13,5,25.60005,-99.99983,PARADA TÉCNICA,UT_CARRETERA_GAS
79,6,CD,BASE,106.62,13,10,24.8547,-99.56993,HOGAR REUNIÓN,UT_TRAFICO_VEHICULAR
686,6,C,HOGAR,0.0,0,0,25.54298,-99.84019,HOGAR REUNIÓN,UT_DENSIDAD
26,6,C,BASE,89.0,10,0,24.86496,-99.56645,PARADA TÉCNICA,UT_TRAFICO_VEHICULAR
27,6,C,BASE,101.0,10,0,25.18924,-99.8317,HOGAR REUNIÓN,UT_TRAFICO_VEHICULAR
66,6,C,HOGAR,78.81,12,8,25.18693,-99.82255,HOGAR REUNIÓN,UT_TRAFICO_VEHICULAR
65,6,C,HOGAR,103.01,12,4,24.8592,-99.55032,HOGAR REUNIÓN,UT_TRAFICO_VEHICULAR
64,6,C,RECESO,105.75,13,4,25.58841,-100.00187,OFICINISTAS,UT_TRAFICO_VEHICULAR
277,6,C,RECESO,105.66,12,0,25.27453,-100.01677,PARADA TÉCNICA,UT_CARRETERA_GAS
28,6,CD,HOGAR,108.0,10,0,25.57477,-99.97964,HOGAR REUNIÓN,UT_DENSIDAD
61,6,CD,BASE,106.78,12,10,25.79335,-99.17981,HOGAR REUNIÓN,UT_TRAFICO_VEHICULAR
29,6,C,RECESO,95.0,10,0,25.19407,-99.83954,OFICINISTAS,UT_DENSIDAD
852,6,C,HOGAR,0.0,0,0,25.60786,-100.05789,HOGAR REUNIÓN,UT_DENSIDAD
837,6,C,PEATONAL,56.2,10,0,25.59165,-100.00124,OFICINISTAS,UT_TRAFICO_PEATONAL
838,6,C,BASE,0.0,0,0,24.86658,-99.57686,PARADA TÉCNICA,UT_CARRETERA_GAS
218,6,BC,HOGAR,128.5,12,0,25.43097,-100.15274,HOGAR REUNIÓN,UT_TRAFICO_VEHICULAR
523,6,C,BASE,0.0,13,0,25.70674,-99.23637,PARADA TÉCNICA,UT_TRAFICO_VEHICULAR
522,6,B,RECESO,0.0,13,0,25.81395,-99.16855,PARADA TÉCNICA,UT_TRAFICO_VEHICULAR
843,6,C,BASE,0.0,0,0,25.29304,-100.01274,PARADA TÉCNICA,UT_CARRETERA_GAS
844,6,C,HOGAR,0.0,0,0,25.6201,-100.0489,HOGAR REUNIÓN,UT_DENSIDAD
521,6,B,RECESO,0.0,13,0,25.81326,-99.16838,PARADA TÉCNICA,UT_TRAFICO_VEHICULAR
779,6,C,BASE,0.0,0,0,25.7022,-99.22837,BARRIO COMPETIDO,UT_TRAFICO_VEHICULAR
215,6,CD,RECESO,109.4,10,0,24.86443,-99.57326,OFICINISTAS,UT_TRAFICO_VEHICULAR
555,6,B,HOGAR,0.0,13,0,24.87242,-99.56097,HOGAR REUNIÓN,UT_DENSIDAD
518,6,B,HOGAR,0.0,13,0,24.85695,-99.53004,HOGAR REUNIÓN,UT_DENSIDAD
219,6,BC,HOGAR,119.2,10,0,25.4797,-100.17906,PARADA TÉCNICA,UT_CARRETERA_GAS
213,6,BC,RECESO,105.66,8,0,25.41392,-100.14064,PARADA TÉCNICA,UT_TRAFICO_VEHICULAR
209,6,CD,RECESO,108.65,10,0,25.26578,-100.00734,HOGAR REUNIÓN,UT_CARRETERA_GAS
208,6,BC,BASE,55.0,8,0,25.49461,-100.18759,HOGAR REUNIÓN,UT_TRAFICO_VEHICULAR
516,6,B,HOGAR,0.0,13,0,25.5751,-100.01917,HOGAR REUNIÓN,UT_DENSIDAD
556,6,C,HOGAR,0.0,13,0,24.8612,-99.56176,CLÁSICO,UT_TRAFICO_VEHICULAR
206,6,BC,RECESO,107.0,14,0,25.45105,-100.16215,HOGAR REUNIÓN,UT_TRAFICO_PEATONAL
859,6,C,HOGAR,0.0,0,0,25.61021,-100.06526,HOGAR REUNIÓN,UT_DENSIDAD
514,6,B,HOGAR,0.0,13,0,25.59599,-100.077,HOGAR REUNIÓN,UT_DENSIDAD
863,6,C,HOGAR,0.0,0,0,25.18193,-99.85133,CLÁSICO,UT_DENSIDAD
205,6,BC,RECESO,108.87,9,0,25.42426,-100.15199,OFICINISTAS,UT_CARRETERA_GAS
867,6,C,BASE,0.0,0,0,24.86623,-99.5714,CLÁSICO,UT_TRAFICO_VEHICULAR
511,6,B,HOGAR,0.0,13,0,24.84738,-99.553,HOGAR REUNIÓN,UT_DENSIDAD
539,6,B,BASE,0.0,13,0,25.69036,-99.2423,PARADA TÉCNICA,UT_CARRETERA_GAS
538,6,B,HOGAR,0.0,13,0,25.60006,-99.98635,HOGAR REUNIÓN,UT_DENSIDAD
537,6,B,BASE,0.0,13,0,25.19829,-99.82656,HOGAR REUNIÓN,UT_TRAFICO_VEHICULAR
801,6,C,BASE,0.0,0,0,25.58436,-100.02436,BARRIO COMPETIDO,UT_DENSIDAD
232,6,C,RECESO,125.0,10,0,25.60058,-99.97002,PARADA TÉCNICA,UT_CARRETERA_GAS
793,6,C,BASE,109.4,0,0,25.1903,-99.8164,CLÁSICO,UT_TRAFICO_VEHICULAR
814,6,C,RECESO,0.0,0,0,25.1249,-99.81162,PARADA TÉCNICA,UT_CARRETERA_GAS
815,6,C,RECESO,114.34,0,0,25.56212,-100.0206,PARADA TÉCNICA,UT_GAS_URBANA
229,6,CD,RECESO,124.8,10,0,25.27826,-100.01964,OFICINISTAS,UT_TRAFICO_PEATONAL
228,6,C,BASE,108.0,10,0,25.37839,-100.11195,PARADA TÉCNICA,UT_CARRETERA_GAS
818,6,C,RECESO,0.0,0,0,25.56875,-99.9824,HOGAR REUNIÓN,UT_CARRETERA_GAS
227,6,C,RECESO,98.4,10,0,24.85589,-99.56377,HOGAR REUNIÓN,UT_TRAFICO_VEHICULAR
869,6,C,HOGAR,0.0,0,0,25.16495,-99.84036,HOGAR REUNIÓN,UT_DENSIDAD
226,6,CD,RECESO,135.72,10,0,24.85948,-99.56629,OFICINISTAS,UT_TRAFICO_PEATONAL
791,6,C,HOGAR,117.45,15,0,25.182,-99.8244,HOGAR REUNIÓN,UT_DENSIDAD
224,6,CD,RECESO,102.0,8,0,25.1895,-99.83821,PARADA TÉCNICA,UT_GAS_URBANA
545,6,B,BASE,0.0,13,0,25.59278,-100.00266,OFICINISTAS,UT_TRAFICO_VEHICULAR
826,6,C,BASE,0.0,0,0,25.58719,-100.0281,HOGAR REUNIÓN,UT_TRAFICO_VEHICULAR
548,6,B,BASE,0.0,13,0,25.7961,-99.1784,PARADA TÉCNICA,UT_GAS_URBANA
528,6,C,HOGAR,0.0,13,0,25.60567,-100.07793,HOGAR REUNIÓN,UT_DENSIDAD
786,6,C,HOGAR,0.0,0,0,25.2829,-100.0032,HOGAR REUNIÓN,UT_DENSIDAD
526,6,B,BASE,0.0,13,0,25.59127,-100.00781,CLÁSICO,UT_TRAFICO_VEHICULAR
785,6,C,PEATONAL,0.0,0,0,25.26151,-99.67147,PARADA TÉCNICA,UT_GAS_URBANA
525,6,B,BASE,0.0,13,0,25.59205,-100.00413,OFICINISTAS,UT_TRAFICO_VEHICULAR
784,6,C,HOGAR,0.0,0,0,25.2894,-100.03434,HOGAR REUNIÓN,UT_GAS_URBANA
721,6,C,HOGAR,0.0,0,0,25.36299,-99.98668,PARADA TÉCNICA,UT_DENSIDAD
744,6,C,RECESO,0.0,0,0,25.60719,-100.04114,PARADA TÉCNICA,UT_CARRETERA_GAS
486,6,C,RECESO,0.0,13,0,25.59693,-100.02597,PARADA TÉCNICA,UT_TRAFICO_VEHICULAR
485,6,C,BASE,0.0,13,0,25.29167,-100.02398,HOGAR REUNIÓN,UT_TRAFICO_VEHICULAR
155,6,CD,RECESO,89.0,8,0,25.59048,-100.00025,PARADA TÉCNICA,UT_DENSIDAD
737,6,C,BASE,0.0,0,0,25.57386,-100.00367,OFICINISTAS,UT_TRAFICO_VEHICULAR
153,6,BC,RECESO,106.5,8,0,25.18819,-99.82875,BARRIO COMPETIDO,UT_TRAFICO_PEATONAL
734,6,C,RECESO,0.0,0,0,25.5415,-100.00833,PARADA TÉCNICA,UT_CARRETERA_GAS
581,6,C,BASE,0.0,13,0,25.58871,-99.99602,HOGAR REUNIÓN,UT_TRAFICO_VEHICULAR
144,6,BC,RECESO,121.21,10,0,24.88035,-99.58588,PARADA TÉCNICA,UT_CARRETERA_GAS
588,6,C,BASE,0.0,13,0,25.58313,-99.98599,HOGAR REUNIÓN,UT_TRAFICO_VEHICULAR
723,6,C,HOGAR,0.0,0,0,25.37834,-100.11439,HOGAR REUNIÓN,UT_DENSIDAD
745,6,C,BASE,0.0,0,0,25.69224,-99.62149,OFICINISTAS,UT_GAS_URBANA
718,6,C,HOGAR,0.0,0,0,25.5967,-99.98241,HOGAR REUNIÓN,UT_DENSIDAD
715,6,C,HOGAR,0.0,0,0,25.60082,-99.9882,PARADA TÉCNICA,UT_TRAFICO_VEHICULAR
124,6,BC,BASE,122.17,10,0,25.46137,-100.17089,PARADA TÉCNICA,UT_TRAFICO_VEHICULAR
123,6,BC,HOGAR,126.17,10,0,25.50882,-100.19437,HOGAR REUNIÓN,UT_CARRETERA_GAS
713,6,C,BASE,0.0,0,0,24.85807,-99.57523,HOGAR REUNIÓN,UT_TRAFICO_VEHICULAR
595,6,C,BASE,0.0,13,0,25.28658,-100.03171,PARADA TÉCNICA,UT_TRAFICO_VEHICULAR
708,6,C,BASE,0.0,0,0,25.3947,-100.12973,HOGAR REUNIÓN,UT_TRAFICO_VEHICULAR
114,6,BC,BASE,118.6,10,0,25.27831,-100.02243,PARADA TÉCNICA,UT_TRAFICO_VEHICULAR
111,6,B,BASE,0.0,13,0,25.58972,-99.99443,HOGAR REUNIÓN,UT_TRAFICO_VEHICULAR
186,6,BC,BASE,104.0,12,0,25.40545,-100.13366,HOGAR REUNIÓN,UT_TRAFICO_VEHICULAR
768,6,C,BASE,0.0,0,0,25.35691,-100.09469,HOGAR REUNIÓN,UT_TRAFICO_VEHICULAR
874,6,C,BASE,0.0,0,0,25.40397,-99.98722,PARADA TÉCNICA,UT_TRAFICO_VEHICULAR
201,6,BC,RECESO,126.6,6,0,25.18989,-99.82471,OFICINISTAS,UT_TRAFICO_PEATONAL
764,6,C,BASE,0.0,0,0,25.28191,-100.02697,CLÁSICO,UT_TRAFICO_VEHICULAR
197,6,B,BASE,117.0,10,0,25.27938,-100.02285,PARADA TÉCNICA,UT_TRAFICO_VEHICULAR
761,6,B,RECESO,0.0,0,0,25.487,-100.1833,HOGAR REUNIÓN,UT_CARRETERA_GAS
195,6,BC,HOGAR,101.0,6,0,25.57531,-100.00992,HOGAR REUNIÓN,UT_TRAFICO_PEATONAL
194,6,BC,BASE,70.22,10,0,25.42277,-100.14712,HOGAR REUNIÓN,UT_CARRETERA_GAS
192,6,CD,BASE,93.17,10,0,25.59289,-100.01045,CLÁSICO,UT_DENSIDAD
189,6,CD,BASE,86.11,7,0,25.5929,-99.99295,CLÁSICO,UT_TRAFICO_VEHICULAR
187,6,BC,BASE,98.7,9,0,25.59232,-100.0127,HOGAR REUNIÓN,UT_DENSIDAD
108,6,C,BASE,0.0,13,0,25.28456,-100.01976,PARADA TÉCNICA,UT_TRAFICO_VEHICULAR
501,6,B,HOGAR,0.0,13,0,25.17002,-99.84103,HOGAR REUNIÓN,UT_DENSIDAD
183,6,CD,RECESO,164.0,10,0,25.18675,-99.83461,PARADA TÉCNICA,UT_TRAFICO_VEHICULAR
757,6,C,RECESO,0.0,0,0,25.46719,-100.17342,PARADA TÉCNICA,UT_TRAFICO_VEHICULAR
498,6,B,BASE,0.0,13,0,25.2806,-100.01745,OFICINISTAS,UT_TRAFICO_VEHICULAR
497,6,B,HOGAR,0.0,13,0,25.20866,-99.84815,PARADA TÉCNICA,UT_DENSIDAD
496,6,B,BASE,0.0,13,0,24.84507,-99.55926,HOGAR REUNIÓN,UT_TRAFICO_VEHICULAR
572,6,C,HOGAR,0.0,13,0,25.5733,-100.02196,HOGAR REUNIÓN,UT_DENSIDAD
492,6,B,BASE,0.0,13,0,25.27251,-100.00065,HOGAR REUNIÓN,UT_TRAFICO_VEHICULAR
172,6,CD,RECESO,122.7,8,0,25.19135,-99.81539,PARADA TÉCNICA,UT_CARRETERA_GAS
748,6,C,RECESO,0.0,0,0,25.27433,-100.01648,PARADA TÉCNICA,UT_CARRETERA_GAS
747,6,C,RECESO,0.0,0,0,25.599,-99.68105,PARADA TÉCNICA,UT_CARRETERA_GAS
